area sembrada,area cosechada,produccion,rendimiento
180,20,34,1.7
120,120,180,1.5
120,120,240,2
100,100,200,2
1240,140,250,1.79
586,496,700,1.41
400,300,630,2.1
272,235,165,0.7
245,220,340,1.55
210,210,420,2
100,100,50,0.5
91,39,68,1.75
90,90,90,1
85,85,132,1.55
80,60,108,1.8
72,36,14,0.38
70,60,90,1.5
60,60,120,2
60,54,86,1.59
54,53,56,1.05
50,50,80,1.6
50,50,80,1.6
50,50,90,1.8
50,40,72,1.8
45,45,81,1.8
40,40,28,0.7
40,40,80,2
38,17,20,1.16
34,34,37,1.1
30,30,45,1.5
30,30,26,0.88
30,30,39,1.3
30,30,40,1.33
28,24,48,2
25,25,28,1.1
20,18,36,2
20,20,24,1.2
20,20,20,1
20,20,40,2
20,18,14,0.8
20,18,36,2
20,20,25,1.25
20,19,20,1.05
20,20,17,0.84
20,20,35,1.75
16,16,16,1
15,12,24,2
12,11,8,0.7
10,5,2,0.4
10,10,8,0.8
10,7,7,1
10,10,7,0.7
10,9,15,1.67
10,6,6,1
10,7,13,1.86
10,10,20,2
10,10,18,1.8
9,9,11,1.23
8,8,8,1
8,7,10,1.5
8,2,2,1
8,8,10,1.25
6,6,9,1.5
6,6,9,1.5
5,5,8,1.5
5,5,9,1.75
5,5,10,2
4,4,4,1
4,4,6,1.5
3,3,2,0.53
3,3,2,0.5
2,2,4,2
2,2,4,2
1,1,0,0.4
1000,800,1680,2.1
700,480,600,1.25
386,367,257,0.7
350,350,600,1.71
280,180,294,1.63
250,200,140,0.7
200,190,300,1.58
130,120,195,1.63
120,108,81,0.75
100,100,100,1
100,80,140,1.75
100,96,160,1.67
100,100,50,0.5
70,70,85,1.21
60,60,120,2
60,30,60,2
60,55,110,2
55,50,82,1.65
50,50,90,1.8
49,48,86,1.79
40,40,28,0.7
35,35,55,1.57
30,25,50,2
30,30,45,1.5
30,30,45,1.5
30,30,25,0.84
30,28,56,2
30,26,29,1.1
23,22,23,1.05
21,21,40,1.95
20,20,30,1.5
20,20,40,2
20,20,35,1.75
20,10,10,1
20,20,26,1.3
20,20,25,1.25
20,20,22,1.1
20,20,35,1.75
19,14,14,1
18,18,36,2
15,15,23,1.53
15,15,20,1.33
12,12,8,0.7
12,10,20,2
10,10,12,1.2
10,5,2,0.4
10,10,7,0.7
10,10,12,1.23
10,10,9,0.88
10,8,8,1
10,10,20,2
10,10,18,1.8
10,10,13,1.3
10,10,10,1
8,8,10,1.33
7,7,11,1.5
7,6,8,1.3
6,5,3,0.56
6,6,9,1.5
6,6,12,2
5,5,4,0.8
5,3,5,1.5
5,3,6,2
5,3,5,1.75
4,4,4,1
4,4,4,1
4,1,1,1
3,3,4,1.33
3,3,2,0.5
2,2,4,2
2,2,3,1.8
2606,2000,4200,2.1
600,480,930,1.94
300,300,360,1.2
220,200,320,1.6
180,120,216,1.8
150,120,200,1.67
120,120,180,1.5
100,86,112,1.3
100,85,155,1.82
96,94,94,1
80,80,56,0.7
80,70,49,0.7
80,80,104,1.3
70,70,56,0.8
65,65,98,1.5
62,60,80,1.33
60,60,84,1.4
53,53,56,1.05
50,45,81,1.8
50,40,27,0.66
50,45,56,1.24
50,50,90,1.8
48,47,47,1
40,40,60,1.5
32,30,39,1.3
32,32,35,1.1
31,30,51,1.7
30,30,15,0.5
30,30,25,0.84
30,28,42,1.5
22,21,17,0.81
20,18,36,2
20,18,22,1.2
20,20,18,0.88
20,19,32,1.68
18,18,36,2
18,18,36,2
18,17,17,1
16,16,26,1.67
15,12,18,1.5
15,15,18,1.2
13,12,8,0.7
12,12,18,1.5
10,10,18,1.8
10,10,15,1.5
10,10,7,0.7
10,9,6,0.7
10,10,1,0.1
10,10,15,1.5
10,10,16,1.6
10,10,13,1.3
9,9,9,1
8,8,10,1.3
8,8,1,0.09
8,8,8,1
8,6,10,1.73
7,7,8,1.23
7,5,4,0.7
6,6,8,1.33
6,6,9,1.5
6,6,11,1.83
6,6,10,1.82
5,5,5,1
4,4,5,1.25
3,3,5,1.75
2,1,1,1
2,2,2,0.75
2,2,1,0.4
2,2,3,1.5
1400,1400,2600,1.86
1274,1076,2260,2.1
600,500,940,1.88
309,280,540,1.93
180,60,108,1.8
180,170,325,1.91
152,152,274,1.8
150,140,98,0.7
113,100,94,0.94
100,100,150,1.5
100,100,140,1.4
90,90,90,1
90,80,140,1.75
80,80,156,1.95
70,70,133,1.9
60,60,90,1.5
60,50,90,1.8
57,57,45,0.8
55,50,82,1.64
53,53,56,1.05
50,45,56,1.24
50,50,60,1.2
45,45,60,1.33
36,36,47,1.3
35,35,29,0.84
33,30,53,1.77
30,30,21,0.7
30,30,15,0.5
30,30,32,1.1
25,25,50,2
23,22,23,1.05
21,18,23,1.3
20,15,27,1.8
20,20,18,0.88
18,18,36,2
18,18,23,1.3
15,10,16,1.6
15,15,23,1.53
15,15,23,1.5
15,12,18,1.5
15,14,23,1.64
12,12,12,1
12,12,14,1.18
11,10,7,0.7
10,10,18,1.8
10,6,4,0.7
10,10,1,0.08
10,10,18,1.75
9,9,10,1.23
9,9,1,0.08
9,9,9,1
9,7,10,1.43
8,3,3,1
8,7,11,1.57
7,7,11,1.5
7,7,9,1.3
6,6,9,1.5
6,4,3,0.7
6,5,6,1.2
5,5,8,1.57
5,4,7,1.7
5,5,5,1
5,5,7,1.4
5,5,4,0.8
4,3,3,1
3,3,2,0.75
3,3,5,1.8
3,3,5,1.8
3,3,5,1.67
3,2,1,0.5
2,2,1,0.25
2,2,1,0.7
2349,2030,4263,2.1
400,400,480,1.2
220,200,250,1.25
200,200,360,1.8
200,200,380,1.9
120,120,208,1.73
120,120,180,1.5
120,120,126,1.05
100,100,70,0.7
100,80,120,1.5
90,90,170,1.89
80,80,80,1
60,60,90,1.5
60,60,115,1.92
50,50,35,0.7
50,47,85,1.8
50,48,72,1.5
50,40,33,0.83
50,45,58,1.29
45,43,43,1
40,35,50,1.43
40,40,56,1.4
35,35,35,1
35,35,38,1.1
30,30,15,0.5
30,30,25,0.84
30,30,53,1.75
29,28,50,1.79
24,22,19,0.86
21,18,23,1.3
20,15,29,1.93
20,20,18,0.88
20,19,19,1
20,20,32,1.6
18,18,36,2
18,18,18,1.05
18,18,27,1.5
16,3,5,1.8
16,16,19,1.2
14,13,9,0.7
12,12,8,0.7
10,10,18,1.8
10,8,8,1
10,10,13,1.3
10,10,7,0.7
10,10,1,0.08
10,10,20,2
10,10,15,1.5
10,10,19,1.9
9,9,12,1.3
9,9,1,0.08
9,9,9,1
9,9,14,1.56
8,7,9,1.23
7,7,7,1
6,6,10,1.67
6,6,9,1.5
6,5,4,0.7
5,5,5,1
5,5,8,1.5
5,5,8,1.6
5,5,7,1.3
5,5,7,1.3
3,3,3,1
3,3,5,1.7
3,3,5,1.8
3,3,5,1.67
2,2,1,0.5
1,1,0,0.4
700,590,826,1.4
600,600,1260,2.1
500,500,950,1.9
240,220,418,1.9
200,150,270,1.8
150,150,240,1.6
130,130,156,1.2
120,100,95,0.95
108,108,108,1
80,55,72,1.3
80,80,120,1.5
78,78,78,1
60,55,39,0.7
60,54,85,1.58
60,60,63,1.05
50,50,75,1.5
50,50,70,1.4
45,40,52,1.3
40,30,54,1.8
35,35,29,0.84
30,30,21,0.7
30,30,21,0.7
30,29,25,0.88
28,28,30,1.1
25,25,38,1.5
25,25,38,1.5
25,24,43,1.8
25,20,35,1.75
22,21,22,1.05
20,20,16,0.8
20,15,29,1.9
20,20,18,0.9
20,18,31,1.7
20,18,5,0.3
19,19,38,2
18,18,18,1
18,15,24,1.6
18,18,23,1.3
18,18,34,1.9
16,16,24,1.5
15,15,11,0.7
15,14,27,1.9
13,12,20,1.7
12,11,13,1.23
12,12,8,0.7
10,6,11,1.8
10,9,6,0.7
10,10,11,1.1
10,10,13,1.3
10,10,15,1.5
10,9,14,1.5
10,10,11,1.05
9,6,6,1
8,8,12,1.5
8,8,4,0.5
7,4,6,1.5
6,6,3,0.5
5,5,5,1
5,5,2,0.3
5,5,9,1.8
5,4,4,1.05
5,4,4,1
4,4,7,1.7
4,1,1,0.9
3,3,3,1
3,3,4,1.7
2,2,1,0.7
2,2,1,0.5
2,2,1,0.5
2,2,3,1.5
1,1,1,1
1,1,1,1.7
680,600,840,1.4
600,600,1260,2.1
380,350,665,1.9
250,250,300,1.2
120,100,100,1
120,80,88,1.1
100,70,126,1.8
80,75,120,1.6
70,70,105,1.5
70,70,70,1
70,70,49,0.7
55,50,82,1.64
50,40,76,1.9
50,45,59,1.3
50,40,76,1.9
40,40,44,1.1
40,40,60,1.5
40,35,46,1.3
36,35,35,1
34,34,37,1.1
30,30,30,1
30,30,27,0.9
30,28,25,0.88
30,20,36,1.8
30,30,51,1.7
30,25,8,0.3
30,30,25,0.84
30,30,32,1.05
20,20,34,1.7
20,20,20,1
20,19,34,1.8
19,19,19,1.05
18,18,36,2
18,12,4,0.3
17,17,27,1.6
15,5,7,1.3
15,15,23,1.5
15,15,11,0.7
13,12,8,0.7
12,12,6,0.5
12,10,19,1.9
10,10,7,0.7
10,10,7,0.7
10,10,7,0.7
10,10,12,1.23
10,10,11,1.05
10,10,13,1.3
10,8,14,1.75
9,9,12,1.3
8,8,14,1.8
8,8,4,0.5
8,8,4,0.5
7,7,7,1
7,6,9,1.5
6,5,5,1
5,5,8,1.6
5,5,5,1
5,5,5,1
5,5,8,1.6
5,5,2,0.3
5,5,9,1.8
5,5,4,0.7
5,5,6,1.3
4,4,6,1.5
3,3,3,1.05
2,2,3,1.5
1,1,1,1
1,1,1,1.7
1,1,1,0.9
1,1,0,0.4
500,400,560,1.4
400,400,840,2.1
200,180,324,1.8
140,120,192,1.6
130,50,35,0.7
120,120,144,1.2
95,95,143,1.5
70,60,60,1
60,50,80,1.6
60,60,63,1.05
57,57,60,1.06
55,55,39,0.7
54,52,52,1
50,40,72,1.8
42,42,37,0.88
40,40,56,1.4
35,35,29,0.84
30,30,45,1.5
30,28,20,0.7
30,24,24,1
30,30,30,1
28,28,34,1.2
26,26,28,1.1
25,25,44,1.75
25,20,30,1.5
25,24,43,1.8
23,22,23,1.05
22,22,33,1.5
20,20,36,1.8
20,5,5,1
20,10,7,0.7
20,20,40,2
20,19,23,1.23
20,6,6,1
20,10,19,1.9
20,20,22,1.12
20,15,16,1.05
18,18,18,1
18,15,26,1.7
18,18,23,1.3
18,18,34,1.9
18,16,29,1.8
15,13,22,1.7
15,15,11,0.7
15,14,27,1.9
12,11,8,0.7
12,11,23,2.1
12,12,16,1.3
11,11,14,1.3
10,10,15,1.5
10,10,18,1.8
10,9,10,1.11
10,4,5,1.3
10,9,9,1.05
10,8,13,1.75
10,10,18,1.75
8,8,14,1.8
8,8,13,1.6
7,7,12,1.75
6,6,9,1.5
6,6,8,1.28
5,5,8,1.6
5,5,5,1
5,3,5,1.6
5,5,4,0.7
5,5,5,1
5,5,4,0.7
5,5,5,1
4,3,6,1.7
4,4,7,1.75
4,4,4,1.05
3,3,3,1
3,2,2,1.05
3,3,5,1.7
3,3,5,1.5
3,2,2,0.8
3,2,2,0.7
2,2,1,0.4
450,450,630,1.4
400,400,840,2.1
150,110,176,1.6
125,125,150,1.2
90,90,162,1.8
90,90,135,1.5
83,83,125,1.5
60,60,90,1.5
60,60,60,1
50,2,4,1.9
50,50,35,0.7
50,40,28,0.7
50,35,49,1.4
50,45,86,1.9
40,25,33,1.3
35,35,70,2
35,35,38,1.1
32,32,32,1
30,28,28,1
30,30,36,1.2
30,30,26,0.88
30,30,32,1.05
28,23,41,1.8
25,15,29,1.9
20,20,26,1.3
20,16,16,1
20,20,22,1.12
20,18,19,1.05
20,20,32,1.6
20,19,34,1.8
18,18,36,2
17,17,22,1.3
15,5,9,1.7
15,10,10,1
15,10,15,1.5
15,15,26,1.7
15,14,15,1.05
15,14,25,1.75
15,15,11,0.7
15,15,16,1.05
14,13,9,0.7
13,13,9,0.7
12,12,22,1.8
12,11,13,1.23
12,11,21,1.9
11,11,19,1.75
10,10,10,1
10,10,7,0.7
10,8,6,0.7
10,8,10,1.3
10,9,15,1.7
10,10,13,1.3
8,8,8,1
8,8,14,1.75
6,6,9,1.42
6,6,11,1.75
5,5,5,1
5,5,4,0.7
5,5,4,0.7
5,5,4,0.7
5,5,8,1.6
4,4,7,2.1
4,4,6,1.5
3,2,2,1.05
3,3,3,1
3,3,3,1.05
3,3,5,1.5
2,2,1,0.4
2,2,2,1
2,1,1,0.88
1,1,1,1
406,406,853,2.1
400,380,490,1.29
150,150,240,1.6
129,50,35,0.7
120,110,176,1.6
110,50,50,1
95,95,143,1.5
70,50,100,2
64,25,33,1.3
61,51,82,1.6
60,60,66,1.1
58,58,61,1.06
56,54,54,1
50,40,72,1.8
50,40,60,1.5
50,20,36,1.8
45,35,49,1.4
41,41,57,1.4
40,28,42,1.5
35,28,39,1.4
30,30,54,1.8
30,28,20,0.7
30,24,24,1
30,30,30,1
30,20,40,2
30,15,17,1.1
26,26,46,1.75
26,26,29,1.1
25,24,43,1.8
22,21,23,1.1
21,20,24,1.2
21,21,24,1.12
20,10,7,0.7
20,20,42,2.1
20,10,19,1.9
20,20,20,1
20,20,22,1.1
18,18,18,1
18,16,29,1.8
18,15,23,1.52
18,18,23,1.3
18,18,22,1.2
15,14,27,1.9
12,11,8,0.7
12,10,18,1.75
12,12,16,1.3
12,11,13,1.23
10,5,3,0.5
10,10,15,1.5
10,10,18,1.8
10,10,15,1.5
10,4,5,1.3
10,9,9,1.05
10,2,4,2.1
10,7,13,1.8
10,10,15,1.5
10,4,7,1.8
8,8,14,1.8
8,7,17,2.45
8,8,13,1.6
6,6,6,1
6,6,10,1.8
6,6,8,1.3
5,5,5,1
5,3,5,1.6
5,3,3,1.05
5,5,5,1
5,5,8,1.6
5,5,5,1
5,3,6,2
4,4,6,1.7
4,4,4,1.1
3,3,3,1
3,3,5,1.9
3,3,2,0.8
3,3,4,1.4
3,3,5,1.5
2,1,1,1.4
2,2,1,0.5
2,1,1,0.5
400,390,510,1.31
397,397,834,2.1
130,125,176,1.41
100,80,128,1.6
100,100,100,1
92,92,138,1.5
90,90,162,1.8
80,60,120,2
51,20,26,1.3
51,51,92,1.8
51,41,29,0.7
51,36,50,1.4
50,45,63,1.4
45,35,49,1.4
40,35,53,1.5
35,35,70,2
35,25,33,1.3
35,35,39,1.1
31,31,37,1.2
30,28,28,1
30,3,4,1.2
30,15,9,0.6
30,30,30,1
30,30,60,2
30,30,33,1.1
29,24,43,1.8
25,25,35,1.4
25,15,29,1.9
20,16,16,1
20,20,20,1
20,20,22,1.12
20,18,20,1.1
20,18,38,2.1
20,20,32,1.6
20,20,22,1.1
20,19,34,1.8
17,17,36,2.1
15,10,17,1.7
15,14,15,1.05
14,13,9,0.7
12,12,22,1.8
12,11,13,1.2
12,12,13,1.1
12,11,21,1.9
10,10,18,1.8
10,10,7,0.7
10,8,6,0.7
10,10,12,1.2
10,10,20,2
10,9,15,1.7
10,10,13,1.3
8,7,18,2.5
8,8,14,1.8
8,8,7,0.91
8,3,5,1.8
7,7,9,1.23
6,6,9,1.42
5,5,5,1
5,5,9,1.8
5,3,5,1.8
5,5,4,0.7
5,5,8,1.6
4,3,8,2.5
4,4,5,1.3
3,3,3,1
3,3,3,1.1
3,3,5,1.5
2,2,2,1
2,2,2,0.88
2,2,3,1.4
1,1,1,1
800,800,1200,1.5
400,400,490,1.23
154,154,246,1.6
121,120,258,2.15
120,110,242,2.2
120,100,100,1
100,100,150,1.5
100,80,132,1.65
80,70,140,2
71,71,75,1.05
70,70,140,2
60,55,83,1.5
60,35,63,1.8
51,51,38,0.75
50,45,45,1
50,25,40,1.6
50,45,45,1
48,32,43,1.34
38,38,42,1.1
32,25,20,0.8
30,30,42,1.4
30,25,63,2.5
30,15,30,2
30,28,29,1.05
25,20,14,0.7
25,23,23,1
25,25,38,1.5
21,20,60,3
20,20,40,2
20,20,33,1.65
20,19,27,1.4
20,20,20,1
20,20,20,1
18,16,29,1.8
18,15,23,1.52
16,16,30,1.86
16,15,30,2
15,15,24,1.58
15,15,23,1.5
15,13,26,2
15,8,14,1.8
13,13,19,1.47
12,12,22,1.8
12,9,27,3
12,10,17,1.7
10,9,18,2
10,8,20,2.5
10,10,25,2.5
10,8,20,2.5
10,10,30,3
8,8,6,0.8
7,7,13,1.9
5,5,13,2.5
5,5,2,0.4
5,5,6,1.1
5,5,5,1
5,4,4,1
5,5,9,1.8
5,4,6,1.5
5,5,10,2
5,5,6,1.2
4,4,8,2.1
4,3,4,1.4
4,4,4,1
4,4,4,1.1
3,3,2,0.7
3,3,5,1.52
3,3,3,1
3,3,4,1.4
3,2,4,2
3,2,1,0.5
3,3,5,1.5
2,2,3,2
2,2,3,2
2,2,1,0.5
2,2,3,2.1
2,2,3,2
1,1,0,0.4
400,400,490,1.23
120,80,88,1.1
100,100,180,1.8
100,80,160,2
100,100,165,1.65
95,95,143,1.5
85,85,60,0.7
80,75,160,2.14
60,60,90,1.5
60,50,150,3
59,50,110,2.2
50,40,48,1.2
50,50,50,1
50,50,53,1.05
45,10,10,1
45,45,50,1.1
35,18,24,1.33
35,27,22,0.81
30,30,42,1.4
30,28,25,0.88
30,25,50,2
30,30,32,1.05
29,24,43,1.8
26,26,36,1.4
25,23,23,1
25,13,18,1.4
25,20,33,1.65
25,25,50,2
20,20,40,2
20,20,20,1
20,18,36,2
20,20,36,1.8
18,18,53,3
18,18,20,1.1
15,15,30,2
15,15,29,1.9
15,13,26,2
12,12,22,1.8
12,8,24,3
12,12,19,1.55
12,10,10,1
10,8,4,0.5
10,8,6,0.7
10,9,11,1.2
10,10,20,2
10,9,15,1.7
10,10,20,2
10,10,17,1.7
8,8,16,2
8,8,11,1.4
7,6,15,2.5
5,2,2,1.05
5,5,13,2.5
5,5,9,1.75
5,5,9,1.8
5,4,2,0.5
5,5,6,1.23
4,4,4,1.1
4,3,3,1
4,4,6,1.4
4,4,2,0.5
4,4,4,1
3,3,5,1.52
3,3,4,1.6
3,3,3,1.1
2,2,3,2
2,1,3,2
1,1,1,0.8
1,1,0,0.2
500,500,525,1.05
400,400,490,1.23
179,179,537,3
150,130,195,1.5
150,150,189,1.26
132,132,264,2
120,120,76,0.63
100,100,63,0.63
100,100,123,1.23
100,100,175,1.75
95,95,190,2
90,60,120,2
70,70,123,1.75
70,70,140,2
60,60,72,1.2
60,45,81,1.8
51,51,38,0.75
50,50,55,1.1
50,45,16,0.35
45,40,28,0.7
40,35,35,1
40,32,16,0.48
40,35,43,1.23
30,30,42,1.4
30,30,90,3
25,25,25,1
25,23,28,1.2
25,25,22,0.88
25,25,50,2
20,20,35,1.75
20,20,28,1.4
20,18,11,0.6
20,20,40,1.98
20,20,42,2.1
18,18,19,1.05
17,17,43,2.5
16,16,48,3
14,14,35,2.5
14,14,28,2
12,12,13,1.1
12,12,36,3
12,10,6,0.6
10,8,6,0.7
10,10,10,1
10,10,25,2.5
10,10,10,1
10,10,12,1.2
10,8,14,1.8
10,8,7,0.88
8,8,8,1.05
7,6,4,0.63
6,6,9,1.5
6,6,6,1
6,5,4,0.8
6,5,3,0.53
6,5,8,1.5
6,5,9,1.75
6,5,6,1.2
5,4,6,1.4
5,5,6,1.1
5,3,3,1
5,5,6,1.2
5,5,4,0.7
5,5,9,2
5,5,9,1.75
5,4,3,0.72
4,4,6,1.4
4,3,2,0.8
4,4,4,1.1
3,3,2,0.7
3,3,2,0.5
3,3,5,1.75
3,3,1,0.4
2,2,1,0.63
2,2,1,0.7
2,2,4,1.75
400,400,490,1.23
150,150,158,1.05
132,132,92,0.7
130,130,164,1.26
100,70,70,1
100,100,105,1.05
100,100,123,1.23
100,100,158,1.58
100,30,32,1.05
80,80,144,1.8
80,80,50,0.63
80,80,56,0.7
60,60,72,1.2
50,45,55,1.23
50,50,53,1.05
50,50,18,0.35
40,39,41,1.05
39,30,18,0.59
35,18,18,1
30,25,18,0.7
30,30,36,1.2
30,30,21,0.7
30,28,25,0.88
30,25,18,0.7
30,20,11,0.53
25,10,10,1
25,25,26,1.05
25,22,55,2.5
23,23,32,1.4
23,20,11,0.53
20,20,25,1.23
20,20,21,1.05
18,17,12,0.7
18,18,19,1.05
16,16,14,0.88
15,13,14,1.1
15,15,18,1.2
14,14,20,1.4
14,14,10,0.7
14,14,15,1.05
13,13,18,1.4
12,9,9,1.05
12,12,19,1.55
10,9,5,0.5
10,10,10,1
10,10,15,1.5
10,10,6,0.63
10,10,11,1.05
10,10,18,1.8
10,10,7,0.7
10,10,6,0.6
10,10,6,0.6
8,8,8,1.05
8,8,5,0.63
7,7,8,1.1
7,7,7,1
7,6,5,0.88
6,6,15,2.5
5,4,3,0.7
5,5,3,0.6
5,4,2,0.5
5,5,5,1
5,5,2,0.42
4,4,6,1.5
4,3,1,0.35
4,4,6,1.4
4,3,2,0.8
3,3,2,0.8
3,3,3,1.1
3,3,2,0.5
3,3,1,0.35
3,3,4,1.75
2,2,1,0.7
2,2,1,0.7
2,2,2,1.05
1,1,0,0.3
1,1,1,1
380,375,521,1.39
260,260,562,2.16
150,150,235,1.57
132,132,123,0.93
120,120,159,1.33
120,110,177,1.6
120,110,159,1.45
70,70,115,1.64
70,30,58,1.92
60,60,72,1.21
60,50,58,1.16
50,45,80,1.78
50,50,81,1.63
50,50,62,1.24
50,50,53,1.06
45,45,73,1.63
35,30,21,0.7
30,25,35,1.38
30,28,32,1.15
30,25,30,1.19
26,26,26,0.99
25,23,23,1
25,25,38,1.5
25,25,34,1.38
23,19,25,1.3
21,20,25,1.23
20,10,10,1
20,20,35,1.76
20,18,15,0.81
20,20,25,1.27
20,19,21,1.09
20,20,24,1.2
18,18,25,1.38
15,14,16,1.12
15,10,19,1.88
14,12,18,1.48
10,8,7,0.86
10,8,6,0.7
10,10,9,0.89
10,10,16,1.63
10,8,11,1.4
10,10,11,1.1
9,8,14,1.79
8,7,13,1.86
8,8,10,1.31
8,7,12,1.69
8,8,13,1.62
8,5,9,1.72
8,8,11,1.33
8,7,11,1.6
7,6,8,1.36
7,7,8,1.26
7,7,10,1.58
6,5,6,1.22
6,5,3,0.61
5,5,10,1.94
5,5,8,1.55
5,5,5,1.05
5,5,7,1.38
5,5,5,1.08
5,3,4,1.41
5,5,6,1.16
4,3,2,0.53
3,3,4,1.33
3,3,3,0.96
3,3,5,1.61
3,3,3,0.95
3,3,1,0.41
3,3,5,1.61
2,2,3,1.49
2,2,3,1.55
2,2,2,0.86
2,2,4,2.64
1,1,1,0.9
420,420,583,1.39
240,240,479,1.99
132,132,123,0.93
120,110,146,1.33
120,120,188,1.57
100,70,81,1.16
100,98,157,1.6
100,90,169,1.88
80,70,125,1.78
80,80,84,1.06
60,60,72,1.21
60,20,38,1.92
50,50,81,1.63
50,50,72,1.45
35,28,20,0.7
32,32,36,1.12
30,28,32,1.15
30,20,33,1.63
30,25,30,1.19
30,30,36,1.2
25,25,44,1.76
25,25,25,1
25,25,41,1.64
25,25,44,1.76
20,18,15,0.81
20,20,20,0.99
20,20,30,1.5
20,20,22,1.09
16,12,17,1.38
16,16,22,1.38
15,10,10,1
15,12,10,0.86
15,15,13,0.89
14,14,27,1.91
12,10,15,1.48
10,6,8,1.3
10,10,13,1.31
10,10,9,0.96
10,10,18,1.76
10,10,13,1.33
10,10,16,1.63
10,10,18,1.79
10,8,11,1.4
9,6,11,1.76
9,8,10,1.26
8,8,11,1.38
8,8,14,1.69
8,8,11,1.33
8,8,13,1.65
7,7,11,1.62
6,5,4,0.7
6,1,1,1.41
6,6,5,0.83
5,5,10,1.94
5,5,9,1.86
5,5,8,1.5
5,4,3,0.95
5,5,8,1.58
4,3,2,0.61
4,3,2,0.53
4,4,5,1.27
3,3,5,1.55
3,3,3,1.08
3,3,5,1.61
3,3,3,1.16
3,3,1,0.41
2,2,3,1.49
2,2,2,1.22
2,2,3,1.33
1,1,1,0.73
1,1,2,1.55
420,420,589,1.4
240,240,550,2.29
180,175,245,1.4
150,150,84,0.56
140,140,131,0.93
130,130,182,1.4
100,80,56,0.7
100,60,39,0.65
80,80,131,1.64
70,60,56,0.93
70,60,98,1.64
51,50,33,0.65
50,50,58,1.17
48,48,25,0.51
45,45,63,1.4
40,40,21,0.51
40,38,36,0.93
40,40,56,1.4
30,30,35,1.17
26,24,13,0.56
25,25,16,0.65
25,25,9,0.37
25,25,29,1.17
25,20,23,1.17
25,25,18,0.7
22,22,20,0.89
21,20,8,0.42
20,10,3,0.33
20,20,11,0.56
20,20,16,0.79
18,18,21,1.17
16,16,7,0.47
15,9,4,0.42
15,15,7,0.47
15,12,9,0.75
15,14,8,0.56
15,15,14,0.93
15,12,17,1.4
13,11,15,1.4
10,10,5,0.47
10,6,3,0.47
10,8,3,0.33
10,9,11,1.17
10,9,13,1.4
10,8,15,1.87
10,7,10,1.4
10,10,14,1.4
10,10,12,1.21
8,7,5,0.7
8,8,3,0.42
7,5,2,0.47
7,5,5,0.93
7,7,6,0.79
6,5,6,1.17
6,5,5,0.93
6,6,5,0.79
5,5,6,1.29
5,5,4,0.79
5,5,2,0.33
5,5,7,1.4
5,5,3,0.51
5,5,2,0.34
5,5,6,1.4
4,4,3,0.84
3,3,1,0.23
3,2,2,1.17
3,3,3,0.84
3,3,2,0.7
2,2,1,0.47
2,2,2,0.84
2,2,1,0.56
2,2,2,1.05
1,1,0,0.23
420,420,589,1.4
250,250,421,1.68
150,140,196,1.4
140,140,131,0.93
130,130,121,0.93
120,110,77,0.7
120,110,180,1.64
100,100,140,1.4
90,87,57,0.65
90,50,70,1.4
80,70,65,0.93
70,60,62,1.03
60,20,33,1.64
56,56,92,1.64
50,50,70,1.4
48,48,25,0.51
41,41,19,0.47
40,40,43,1.07
40,40,22,0.56
40,40,56,1.4
32,32,24,0.75
30,26,15,0.56
30,30,28,0.93
30,25,29,1.17
30,28,20,0.7
25,25,13,0.51
25,25,29,1.17
21,18,9,0.51
20,20,9,0.47
20,20,13,0.65
20,20,14,0.7
20,10,5,0.51
16,16,7,0.47
15,15,11,0.7
15,14,13,0.93
15,12,11,0.93
15,15,14,0.93
14,14,9,0.65
14,12,17,1.4
12,10,8,0.84
12,12,14,1.17
10,2,2,0.79
10,10,5,0.47
10,10,5,0.51
10,8,15,1.87
10,9,8,0.93
9,7,3,0.42
9,6,8,1.31
8,8,11,1.4
8,6,4,0.7
7,7,2,0.34
7,7,4,0.61
7,2,2,0.93
7,6,8,1.4
7,7,10,1.4
6,4,2,0.47
6,4,1,0.33
6,6,3,0.42
5,5,7,1.29
5,4,5,1.17
5,5,3,0.51
5,5,2,0.4
5,4,4,0.93
5,5,5,0.9
4,2,0,0.23
3,3,3,0.85
3,3,1,0.23
3,3,4,1.4
3,2,2,1.17
3,3,5,1.64
3,3,3,0.93
3,3,2,0.7
2,2,1,0.47
2,2,3,1.5
1,1,0,0.51
250,220,116,0.53
220,220,308,1.4
176,176,216,1.23
126,126,176,1.4
126,126,176,1.4
120,100,70,0.7
70,60,42,0.7
70,60,74,1.23
70,60,84,1.4
50,45,24,0.53
50,50,26,0.53
40,39,25,0.63
40,40,40,1
35,33,23,0.7
30,26,26,1
30,20,11,0.53
28,28,39,1.4
25,10,7,0.7
22,20,14,0.7
20,15,6,0.43
20,20,14,0.7
20,20,18,0.88
20,20,14,0.7
20,20,8,0.42
17,17,7,0.42
17,17,20,1.2
15,15,11,0.7
15,14,10,0.7
15,12,17,1.4
15,15,12,0.81
15,15,8,0.5
15,10,9,0.88
15,12,13,1.05
14,14,10,0.7
13,9,4,0.42
12,12,12,1
12,10,8,0.8
12,11,8,0.7
12,11,12,1.05
12,12,17,1.4
10,10,4,0.42
10,9,5,0.53
10,8,10,1.23
10,8,7,0.9
10,10,7,0.7
10,9,9,1
10,7,2,0.3
10,10,9,0.91
9,8,9,1.05
8,8,6,0.7
8,8,7,0.84
8,8,12,1.5
8,8,3,0.42
8,8,4,0.53
7,7,3,0.4
7,7,7,1
7,4,4,0.88
7,7,4,0.6
7,7,10,1.4
6,6,2,0.39
6,6,6,1.05
6,6,6,1.05
5,5,4,0.7
5,5,6,1.2
5,4,2,0.47
5,5,3,0.6
5,5,3,0.5
5,4,5,1.23
5,4,4,0.88
4,3,1,0.38
4,4,3,0.7
4,4,1,0.35
4,4,2,0.53
4,4,4,0.93
4,4,3,0.81
3,3,6,2
3,3,3,1.05
3,3,5,1.8
3,1,1,0.7
2,2,2,1.2
1,1,0,0.5
1,1,1,1
250,250,131,0.53
250,250,306,1.23
250,250,350,1.4
176,176,216,1.23
130,80,71,0.88
126,126,176,1.4
90,50,53,1.05
65,65,65,1
60,59,85,1.44
50,50,53,1.05
50,50,35,0.7
30,30,21,0.7
30,27,19,0.7
30,29,18,0.63
30,28,15,0.53
30,20,11,0.53
28,28,39,1.4
25,25,18,0.7
25,25,18,0.7
20,15,6,0.43
20,20,14,0.7
20,15,15,1
15,15,5,0.35
15,13,13,1
15,15,16,1.05
15,14,15,1.05
15,15,11,0.7
15,14,17,1.23
15,14,15,1.05
14,14,10,0.7
12,12,12,1
12,10,8,0.8
12,10,7,0.7
12,12,17,1.4
10,5,3,0.5
10,10,12,1.2
10,2,1,0.53
10,10,9,0.91
9,8,9,1.05
9,8,4,0.49
8,8,3,0.35
8,8,3,0.42
8,7,7,1
7,7,3,0.4
7,6,3,0.53
7,5,5,0.9
7,5,2,0.3
5,4,2,0.39
5,5,6,1.2
5,4,3,0.7
5,4,2,0.4
5,5,4,0.7
5,5,5,1.05
5,4,2,0.5
5,5,3,0.5
5,5,4,0.7
5,5,3,0.5
5,5,2,0.42
5,5,2,0.46
5,5,4,0.88
4,4,2,0.39
4,3,3,1.05
4,4,4,0.9
3,2,1,0.35
3,3,2,0.7
3,3,5,1.6
3,2,1,0.7
2,2,2,1.05
1,1,1,1.05
312,280,262,0.93
230,230,430,1.87
160,100,47,0.47
148,148,207,1.4
130,125,117,0.93
100,100,56,0.56
100,70,114,1.64
75,73,85,1.17
60,55,103,1.87
50,49,46,0.93
50,50,47,0.93
50,50,93,1.87
45,40,22,0.54
40,37,24,0.65
40,40,56,1.4
40,39,64,1.64
30,30,56,1.87
30,25,18,0.7
30,30,42,1.4
26,26,17,0.65
25,20,18,0.89
25,25,29,1.17
24,18,28,1.53
22,18,8,0.47
20,15,21,1.4
20,18,30,1.68
20,2,1,0.56
20,20,40,2
20,20,37,1.87
20,20,11,0.56
20,17,24,1.4
18,18,20,1.09
18,18,23,1.26
17,17,10,0.56
16,16,22,1.4
16,16,9,0.56
15,12,20,1.64
15,15,14,0.93
14,13,12,0.93
13,13,12,0.93
13,10,9,0.93
12,12,6,0.47
12,12,11,0.93
10,10,6,0.56
10,8,6,0.79
10,10,12,1.21
10,10,14,1.4
10,10,8,0.84
10,10,8,0.84
10,2,3,1.4
10,8,9,1.17
10,9,5,0.54
10,8,3,0.42
10,10,9,0.93
10,9,6,0.7
10,10,12,1.21
9,8,15,1.82
9,9,16,1.87
8,8,15,1.87
8,6,4,0.75
8,8,7,0.93
8,8,4,0.56
7,7,3,0.47
7,7,6,0.79
7,3,3,0.93
5,5,4,0.79
5,5,2,0.47
5,5,2,0.47
5,5,7,1.4
5,4,2,0.57
5,4,2,0.47
4,4,4,1.07
4,4,5,1.31
4,4,3,0.79
4,4,4,0.93
4,2,2,0.93
4,4,2,0.47
4,4,7,1.87
3,3,1,0.56
2,2,4,1.87
2,2,2,0.89
2,2,3,1.4
2,1,1,0.7
1,1,0,0.47
455,455,638,1.4
250,240,224,0.93
240,240,449,1.87
140,140,105,0.75
120,70,33,0.47
100,95,155,1.64
100,100,187,1.87
100,95,89,0.93
72,72,67,0.93
50,45,63,1.4
50,48,67,1.4
45,40,17,0.44
40,38,76,2.01
40,40,56,1.4
35,35,16,0.47
32,31,29,0.93
30,20,14,0.7
30,27,18,0.65
30,30,49,1.64
30,28,43,1.53
30,30,17,0.56
28,26,43,1.64
28,28,26,0.93
24,24,16,0.65
21,20,18,0.89
20,15,21,1.4
20,20,19,0.93
20,10,5,0.51
17,16,22,1.4
15,15,14,0.93
15,15,7,0.47
15,15,16,1.07
15,15,14,0.93
15,12,17,1.4
12,12,6,0.47
12,12,10,0.84
12,9,12,1.35
12,12,8,0.65
10,10,5,0.47
10,8,6,0.79
10,10,20,2
10,10,14,1.4
10,9,4,0.47
10,9,6,0.65
10,9,5,0.51
10,9,4,0.42
10,10,12,1.21
9,8,15,1.87
8,8,7,0.93
8,7,7,0.93
8,7,6,0.89
8,6,4,0.75
8,8,12,1.64
8,8,4,0.47
8,6,3,0.51
7,7,3,0.47
7,7,6,0.79
6,6,8,1.4
6,6,3,0.56
6,5,4,0.7
6,6,7,1.17
5,5,2,0.47
5,5,7,1.4
5,5,5,0.93
5,5,3,0.56
4,3,4,1.17
4,2,2,0.79
4,4,2,0.56
4,4,3,0.7
4,4,2,0.57
3,3,3,0.93
3,3,3,0.84
3,3,3,0.89
3,3,2,0.61
3,3,5,1.87
2,2,1,0.75
2,1,1,1.4
1,1,1,1.4
1600,1600,748,0.47
700,700,654,0.93
485,485,907,1.87
203,203,152,0.75
200,200,187,0.93
200,200,280,1.4
100,100,140,1.4
80,80,131,1.64
80,80,45,0.56
72,72,67,0.93
60,60,84,1.4
50,50,47,0.93
50,50,37,0.75
50,50,93,1.87
45,45,20,0.44
45,45,63,1.4
40,40,80,2.01
40,40,26,0.65
40,40,37,0.93
40,40,17,0.42
31,31,22,0.71
31,31,51,1.64
30,30,21,0.7
30,30,20,0.65
26,26,31,1.2
25,25,12,0.47
25,25,13,0.51
25,25,29,1.17
25,25,12,0.47
22,22,20,0.89
20,20,19,0.93
20,20,28,1.4
20,20,40,2
20,20,26,1.29
20,20,9,0.47
20,20,21,1.07
20,20,33,1.64
20,20,31,1.53
20,20,19,0.93
20,20,28,1.4
18,18,12,0.65
18,18,25,1.4
18,18,17,0.93
17,17,8,0.47
15,15,7,0.47
15,15,14,0.93
15,15,25,1.64
15,15,8,0.56
15,15,28,1.87
14,14,11,0.79
12,12,6,0.47
12,12,6,0.51
12,12,11,0.93
11,11,10,0.87
11,11,13,1.18
10,10,3,0.33
10,10,14,1.4
10,10,14,1.4
10,10,5,0.51
10,10,19,1.93
10,10,19,1.87
10,10,6,0.57
10,10,7,0.7
10,10,12,1.21
9,9,8,0.89
9,9,6,0.65
8,8,4,0.47
8,8,6,0.75
8,8,11,1.4
6,6,3,0.56
5,5,6,1.17
5,5,2,0.47
5,5,4,0.79
5,5,2,0.48
5,5,5,0.96
5,5,7,1.4
5,5,2,0.47
4,4,4,0.9
3,3,4,1.4
3,3,3,0.84
3,3,3,0.9
2,2,1,0.73
2,2,0,0.18
2,2,1,0.49
800,600,420,0.7
700,700,840,1.2
250,120,120,1
222,221,442,2
105,84,134,1.6
100,90,30,0.33
80,60,24,0.4
80,80,80,1
70,67,54,0.8
65,62,31,0.5
60,60,42,0.7
60,60,105,1.75
50,50,75,1.5
50,50,95,1.9
50,50,75,1.5
46,46,63,1.37
40,40,55,1.38
40,40,25,0.63
40,39,16,0.41
38,38,77,2.03
30,30,45,1.5
30,30,48,1.6
30,30,60,2
30,25,25,1
30,20,16,0.8
30,20,21,1.05
26,26,18,0.71
25,22,30,1.36
25,24,25,1.04
25,25,50,2
25,23,23,1.02
25,23,16,0.7
25,25,40,1.6
23,20,12,0.6
23,21,36,1.71
23,23,37,1.6
22,19,14,0.74
21,17,7,0.4
20,20,17,0.85
20,20,16,0.8
20,18,13,0.7
20,20,28,1.4
20,20,40,2
20,15,20,1.33
20,20,26,1.3
20,20,24,1.2
18,18,33,1.84
18,18,11,0.63
17,15,17,1.1
16,16,16,1
15,15,16,1.05
15,15,14,0.9
15,15,12,0.8
15,15,15,1
14,14,21,1.5
12,11,20,1.8
10,10,17,1.7
10,9,11,1.2
10,10,7,0.7
7,7,5,0.71
6,6,8,1.4
6,6,6,1
5,5,4,0.8
5,5,4,0.8
5,5,7,1.4
5,5,5,1.1
5,5,5,1.05
3,3,5,1.67
2,2,3,1.5
2,2,2,1
1,1,1,1.1
800,800,580,0.73
450,450,600,1.33
400,360,234,0.65
240,240,120,0.5
230,50,20,0.4
220,220,148,0.67
220,180,180,1
150,70,60,0.86
150,140,170,1.21
120,120,228,1.9
115,112,90,0.8
95,95,48,0.5
90,60,42,0.7
80,80,65,0.81
80,70,56,0.8
80,80,140,1.75
75,75,75,1
70,64,54,0.84
70,65,100,1.54
70,70,48,0.69
65,62,31,0.5
60,60,42,0.7
45,6,7,1.17
45,44,35,0.8
40,28,20,0.7
40,35,35,1
40,40,25,0.63
40,40,76,1.9
35,35,11,0.31
35,34,27,0.79
32,23,39,1.7
30,30,21,0.7
30,30,45,1.5
30,30,36,1.2
30,25,30,1.2
30,30,32,1.05
28,22,21,0.95
27,25,15,0.6
26,26,42,1.6
25,25,25,1
25,25,18,0.73
22,21,21,1.02
20,20,20,1
20,20,21,1.05
20,20,19,0.95
20,20,37,1.84
20,20,40,2
20,20,40,2
20,20,14,0.7
20,18,13,0.7
19,19,12,0.63
15,15,12,0.8
15,8,9,1.06
15,15,12,0.8
14,13,23,1.8
14,6,9,1.5
12,10,8,0.8
12,10,8,0.8
11,9,5,0.5
10,10,5,0.5
10,10,5,0.5
10,10,8,0.8
10,10,14,1.4
10,9,11,1.2
10,10,5,0.5
9,7,7,1
7,7,9,1.4
7,6,8,1.4
6,4,2,0.7
6,6,8,1.33
5,5,8,1.6
5,5,5,1.05
5,5,6,1.2
4,4,5,1.3
4,4,4,1
3,3,5,1.5
1,1,1,0.9
1,1,1,1.1
525,490,660,1.35
225,224,411,1.83
180,170,93,0.55
155,150,97,0.65
125,125,118,0.94
121,118,100,0.85
120,120,185,1.54
110,110,71,0.65
100,100,154,1.54
85,83,128,1.54
80,70,56,0.8
80,75,56,0.75
80,80,67,0.84
80,80,80,1
70,70,66,0.94
65,62,34,0.55
60,60,38,0.63
58,51,82,1.6
55,47,25,0.53
50,50,62,1.24
50,50,42,0.84
50,49,31,0.63
50,49,74,1.5
42,40,76,1.9
40,39,63,1.62
40,28,20,0.7
40,37,31,0.84
40,10,7,0.7
36,36,23,0.64
34,33,35,1.05
32,29,15,0.52
32,30,58,1.93
30,28,54,1.93
30,30,60,2
30,30,48,1.6
26,26,27,1.05
26,24,44,1.83
25,24,20,0.83
25,23,23,1
25,24,38,1.6
23,20,16,0.8
20,19,19,1
20,20,13,0.63
20,16,22,1.38
18,18,36,2
15,14,14,1
15,14,10,0.71
15,15,17,1.1
15,15,16,1.05
14,14,9,0.64
11,10,12,1.2
10,10,8,0.8
10,8,14,1.76
10,9,11,1.2
10,10,12,1.2
10,9,9,1.05
8,8,6,0.7
8,8,12,1.5
7,7,9,1.4
6,6,6,1
6,6,4,0.6
6,5,4,0.8
5,5,5,0.9
5,5,5,1
5,5,8,1.5
5,5,8,1.6
4,4,6,1.5
3,2,1,0.7
3,3,5,1.83
2,2,2,1.33
1,1,2,1.5
1,1,1,1.1
444,400,619,1.55
400,388,329,0.85
250,250,162,0.65
202,202,151,0.75
160,158,180,1.14
157,145,108,0.74
150,145,137,0.94
137,90,58,0.64
110,110,71,0.65
100,100,154,1.54
100,100,154,1.54
95,95,52,0.55
85,78,74,0.95
80,80,67,0.84
80,75,56,0.75
80,80,64,0.8
80,75,38,0.5
75,70,94,1.34
70,70,52,0.74
70,70,59,0.84
65,61,37,0.6
60,60,80,1.33
60,35,33,0.94
60,60,42,0.7
50,49,36,0.73
40,40,28,0.7
40,40,40,1
38,37,33,0.89
35,33,64,1.94
33,30,32,1.05
30,30,27,0.9
30,30,25,0.83
29,27,44,1.63
28,26,14,0.54
28,28,20,0.71
28,26,26,1
27,25,16,0.64
26,26,27,1.05
25,25,25,1
21,19,16,0.85
21,16,26,1.6
20,19,15,0.8
20,20,14,0.7
19,19,12,0.63
17,17,19,1.12
15,14,14,1
15,14,16,1.14
15,15,10,0.67
15,15,15,1
15,15,15,1
15,13,14,1.05
15,15,16,1.05
14,14,17,1.24
12,12,10,0.83
12,11,10,0.91
11,10,12,1.2
10,10,12,1.2
10,9,11,1.2
10,8,8,1
10,10,13,1.33
8,8,13,1.6
8,8,6,0.7
7,7,6,0.9
7,7,8,1.2
7,7,11,1.5
6,6,5,0.83
5,4,7,1.8
5,5,10,2
5,5,7,1.44
5,5,9,1.8
4,4,6,1.5
3,2,1,0.7
2,2,4,2
2,2,3,1.83
1,1,2,1.5
1,1,1,1.1
400,380,550,1.45
230,229,458,2
200,200,80,0.4
120,120,100,0.83
120,120,180,1.5
110,110,63,0.57
100,100,150,1.5
90,70,55,0.79
87,77,69,0.9
85,85,120,1.41
80,80,90,1.13
80,80,128,1.6
76,76,76,1
75,75,15,0.2
70,70,80,1.14
70,70,35,0.5
70,70,56,0.8
70,70,104,1.5
60,58,29,0.5
60,60,42,0.7
54,51,92,1.8
54,45,25,0.56
50,49,25,0.5
46,44,79,1.8
45,35,19,0.54
43,33,53,1.6
40,35,25,0.7
40,35,39,1.11
37,36,50,1.4
35,34,60,1.8
33,33,35,1.05
32,28,26,0.93
30,29,51,1.8
30,25,41,1.64
30,28,28,1
28,28,40,1.43
28,26,13,0.5
24,23,23,1
23,20,12,0.6
22,22,18,0.82
20,19,15,0.8
20,20,24,1.2
20,20,40,2
20,20,13,0.63
20,20,14,0.7
20,20,21,1.05
15,15,9,0.6
11,10,12,1.2
10,9,11,1.2
10,10,12,1.2
10,10,11,1.05
8,8,9,1.13
8,8,6,0.7
7,6,8,1.4
6,5,3,0.6
6,6,4,0.6
6,5,4,0.8
6,6,9,1.5
5,5,6,1.2
5,4,7,1.8
5,5,5,1
5,5,8,1.5
5,5,8,1.6
4,4,4,1
4,4,6,1.5
3,2,1,0.7
3,3,3,1
3,3,2,0.6
2,2,3,1.83
1,1,2,1.5
1,1,1,1.1
370,215,151,0.7
220,220,88,0.4
195,190,127,0.67
170,154,161,1.05
150,150,150,1
120,120,96,0.8
120,120,180,1.5
110,110,61,0.55
100,100,105,1.05
91,87,78,0.9
90,90,45,0.5
88,85,145,1.7
80,80,80,1
74,70,36,0.51
70,63,76,1.2
70,70,35,0.5
67,67,31,0.46
60,60,42,0.7
60,60,63,1.05
53,51,31,0.6
51,47,15,0.31
50,25,5,0.2
50,49,25,0.5
43,38,38,1
40,40,28,0.7
40,38,30,0.8
37,7,11,1.5
35,31,23,0.75
33,33,17,0.5
32,32,29,0.9
30,25,18,0.7
30,30,15,0.5
30,30,21,0.7
30,28,42,1.5
28,27,14,0.5
28,28,20,0.7
27,26,27,1.02
26,15,9,0.63
24,23,24,1.05
22,19,11,0.6
20,20,24,1.2
20,20,20,1
20,20,32,1.6
20,18,21,1.15
20,20,12,0.6
18,18,18,1
15,13,23,1.8
15,12,14,1.2
15,15,8,0.5
15,15,8,0.5
13,12,22,1.8
13,13,10,0.8
12,12,11,0.93
12,10,10,0.95
12,11,9,0.8
12,12,14,1.2
11,8,6,0.8
11,5,8,1.77
10,10,5,0.5
10,10,14,1.4
10,10,14,1.4
10,10,13,1.4
10,10,7,0.7
10,10,5,0.5
9,8,11,1.4
8,6,4,0.7
8,8,13,1.6
6,6,9,1.5
6,6,4,0.7
6,5,8,1.5
5,5,4,0.7
5,5,10,2
4,4,3,0.8
4,3,2,0.7
3,3,5,1.8
2,2,1,0.5
2,2,4,2
250,20,8,0.4
250,240,480,2
200,200,320,1.6
150,150,210,1.4
120,120,120,1
95,90,60,0.66
89,86,79,0.92
80,80,80,1
80,80,32,0.4
80,78,117,1.5
70,70,48,0.68
70,50,25,0.5
63,53,85,1.6
50,48,96,2
50,50,35,0.7
50,49,25,0.5
50,48,72,1.5
47,46,83,1.8
45,43,60,1.4
43,42,76,1.8
40,37,41,1.1
40,40,20,0.5
38,30,12,0.4
35,25,18,0.7
32,28,50,1.8
30,30,15,0.5
30,30,17,0.55
30,30,32,1.05
28,26,41,1.6
27,26,27,1.02
25,24,12,0.5
24,23,25,1.1
23,19,12,0.63
22,22,44,2
21,20,21,1.05
20,20,30,1.5
20,20,32,1.6
18,16,10,0.6
15,13,16,1.2
15,15,8,0.5
15,15,11,0.7
13,13,16,1.2
12,10,8,0.8
10,10,10,1
10,8,8,1
10,10,6,0.6
10,8,9,1.1
10,10,15,1.5
10,10,7,0.7
8,7,5,0.7
7,1,2,1.5
7,7,9,1.4
6,6,4,0.6
6,6,3,0.53
6,6,3,0.5
5,5,5,1
5,5,8,1.6
5,5,4,0.7
5,5,7,1.56
4,4,3,0.8
4,4,6,1.5
4,4,1,0.3
3,3,2,0.8
3,2,3,1.5
3,3,5,1.8
2,1,0,0.3
1,1,1,1
30,28,23,0.81
1220,712,1062,1.49
230,220,88,0.4
150,150,150,1
140,140,236,1.69
135,130,91,0.7
110,103,113,1.1
100,100,40,0.4
98,98,39,0.4
94,94,35,0.37
80,60,60,1
80,80,48,0.6
74,70,35,0.5
70,70,56,0.8
70,70,49,0.7
66,56,48,0.85
60,60,63,1.05
55,45,36,0.8
50,50,54,1.09
50,50,20,0.4
50,50,25,0.5
45,45,34,0.75
40,35,25,0.7
40,38,30,0.8
35,32,28,0.9
34,32,18,0.55
32,32,34,1.05
30,30,21,0.7
30,10,7,0.7
30,30,15,0.5
30,28,37,1.33
30,28,34,1.2
27,27,28,1.04
25,25,30,1.2
25,24,36,1.5
24,23,24,1.05
23,21,22,1.09
22,22,13,0.6
20,16,10,0.6
20,20,32,1.6
18,18,18,1
17,15,9,0.63
16,16,26,1.65
15,7,7,0.97
15,15,17,1.1
15,15,23,1.5
15,12,13,1.05
14,13,6,0.49
13,13,21,1.6
12,10,5,0.5
12,12,11,0.93
12,12,16,1.3
12,11,9,0.8
11,11,15,1.4
10,10,5,0.46
10,7,13,1.8
10,9,5,0.5
10,10,5,0.5
10,10,18,1.8
10,10,7,0.7
10,8,3,0.4
9,9,9,1
9,9,11,1.2
9,9,14,1.6
6,6,12,2
5,5,8,1.5
5,5,8,1.5
4,4,8,1.9
4,4,6,1.5
3,3,3,0.9
3,3,5,1.5
2,2,1,0.67
2,2,4,2
2,1,1,1.5
1,1,1,0.83
1,1,1,0.7
235,235,469,2
200,200,200,1
135,135,90,0.67
90,86,95,1.1
82,82,122,1.5
80,80,144,1.8
70,60,60,1
55,55,110,2
55,55,99,1.8
50,50,30,0.6
50,50,54,1.09
50,50,25,0.5
50,40,20,0.5
50,49,59,1.2
48,45,77,1.7
40,39,70,1.8
40,40,32,0.8
40,40,64,1.6
36,33,36,1.1
35,31,47,1.5
33,23,37,1.6
30,30,48,1.6
30,30,32,1.05
25,25,30,1.2
25,25,50,2
24,23,24,1.04
24,24,25,1.07
23,22,33,1.5
22,22,23,1.05
21,20,21,1.05
20,20,20,1
20,20,14,0.7
20,20,14,0.7
20,17,11,0.63
20,17,26,1.5
20,20,10,0.5
20,15,16,1.05
17,15,9,0.6
15,15,24,1.6
15,15,12,0.8
15,15,18,1.2
12,10,8,0.8
10,8,6,0.7
10,10,7,0.7
10,10,6,0.6
10,9,10,1.1
10,10,7,0.7
9,9,12,1.4
8,8,4,0.5
7,7,9,1.4
6,6,3,0.5
6,5,3,0.5
5,2,1,0.5
5,5,5,1
5,5,7,1.3
5,4,1,0.3
5,5,8,1.5
4,4,2,0.5
4,4,4,1
4,4,6,1.5
3,3,6,1.9
3,3,2,0.8
3,3,4,1.5
2,2,1,0.3
2,2,3,1.5
1,1,1,1
1,1,2,1.5
1247,728,1079,1.48
300,150,30,0.2
235,225,90,0.4
125,104,58,0.56
110,110,120,1.09
100,100,40,0.4
100,96,95,0.99
96,96,36,0.37
90,70,84,1.2
72,72,58,0.8
72,72,50,0.7
70,70,39,0.56
65,60,31,0.51
64,52,70,1.35
61,61,67,1.1
51,51,56,1.09
51,51,26,0.5
48,18,20,1.11
46,46,35,0.75
41,39,31,0.8
36,33,50,1.5
36,32,29,0.9
35,31,38,1.23
35,33,18,0.55
31,10,7,0.7
31,29,38,1.33
30,27,40,1.48
28,26,38,1.5
28,28,29,1.04
26,25,32,1.3
25,25,50,2
25,24,26,1.1
24,21,22,1.04
23,23,14,0.6
20,20,33,1.6
20,15,16,1.05
20,15,20,1.33
19,18,11,0.61
18,14,8,0.6
18,18,18,1
17,15,27,1.8
16,8,8,0.98
15,15,24,1.6
15,15,29,1.9
15,15,23,1.5
14,13,6,0.5
13,13,26,1.98
12,12,11,0.93
12,11,9,0.8
12,10,5,0.5
12,10,15,1.5
12,11,3,0.3
12,11,15,1.4
10,10,10,1
10,7,11,1.57
10,9,5,0.5
10,10,2,0.2
10,9,12,1.33
10,10,18,1.8
10,10,20,2
10,8,3,0.4
9,9,9,1
9,9,11,1.2
8,5,2,0.3
6,6,10,1.67
5,5,5,1
5,5,10,2
5,5,8,1.6
5,4,5,1.2
4,4,2,0.7
3,3,3,0.9
3,2,3,1.5
2,2,1,0.77
1,1,1,0.83
1,1,1,0.7
1,1,1,1.5
205,205,205,1
200,190,133,0.7
130,100,100,1
90,86,88,1.02
84,83,125,1.5
70,70,126,1.8
70,70,100,1.43
60,40,12,0.3
56,56,111,2
55,55,85,1.55
51,51,56,1.09
51,51,65,1.27
51,41,21,0.5
50,50,85,1.7
49,46,70,1.52
45,18,20,1.11
40,40,30,0.74
37,34,38,1.1
31,31,49,1.6
30,30,60,2
30,25,20,0.8
30,30,33,1.1
28,25,38,1.5
25,24,25,1.04
24,24,26,1.07
24,23,30,1.33
23,9,13,1.47
21,20,22,1.1
20,20,14,0.7
20,10,11,1.05
20,20,14,0.7
20,17,10,0.6
20,17,26,1.5
20,15,23,1.53
18,18,18,1
17,15,9,0.6
16,15,23,1.5
15,15,25,1.6
15,15,18,1.2
15,15,20,1.33
12,10,8,0.8
10,10,7,0.7
10,8,12,1.5
10,10,6,0.6
10,9,10,1.1
10,10,10,1
8,8,4,0.5
7,7,9,1.4
7,7,9,1.4
6,3,2,0.5
6,6,9,1.5
5,5,6,1.2
5,5,6,1.2
5,4,1,0.3
4,4,4,1
4,4,2,0.5
4,4,8,2
3,3,2,0.8
3,3,4,1.5
2,2,1,0.3
2,2,3,1.5
1,1,1,1
370,215,235,1.09
250,80,32,0.4
150,150,45,0.3
130,130,52,0.4
125,104,58,0.56
100,100,40,0.4
100,99,99,1
90,90,36,0.4
82,75,60,0.8
73,62,47,0.76
70,50,40,0.8
70,65,65,1
70,70,70,1
65,60,30,0.5
60,30,21,0.7
55,25,30,1.2
50,50,21,0.42
45,40,48,1.2
39,39,51,1.3
37,27,22,0.8
36,28,13,0.45
36,32,29,0.9
35,35,21,0.6
33,27,21,0.78
32,29,32,1.12
30,27,45,1.67
30,30,60,2
25,25,50,2
25,25,26,1.02
24,22,42,1.89
23,23,30,1.3
23,23,14,0.6
21,16,17,1.05
20,20,36,1.8
20,20,40,2
20,18,18,1
18,15,9,0.6
18,12,13,1.05
17,13,8,0.6
17,17,26,1.5
17,15,27,1.8
15,12,11,0.92
15,15,18,1.2
15,15,30,2
12,12,16,1.3
12,11,11,1
12,9,9,1
12,12,10,0.8
11,9,5,0.5
11,11,18,1.6
11,11,13,1.18
10,10,3,0.3
10,10,5,0.5
10,9,3,0.3
10,9,13,1.4
8,8,8,1
7,7,12,1.7
6,6,8,1.4
6,6,2,0.3
6,5,3,0.53
6,5,2,0.3
5,5,9,1.8
5,4,3,0.7
5,4,4,0.9
5,5,4,0.8
4,4,6,1.4
4,4,8,2.3
4,4,2,0.5
3,3,3,0.9
3,2,2,1
3,3,5,2
3,3,1,0.3
2,2,3,1.5
2,2,3,1.5
2,1,1,0.7
1,1,2,1.8
15,15,30,2
205,205,205,1
200,198,208,1.05
134,134,134,1
101,99,99,1
95,95,95,1
60,60,119,2
60,60,60,1
50,44,53,1.2
50,50,15,0.3
50,50,60,1.2
50,45,45,1
43,43,54,1.26
42,42,76,1.8
40,30,24,0.8
40,40,103,2.6
35,35,21,0.6
30,20,6,0.3
30,30,60,2
30,10,6,0.6
28,24,36,1.5
28,28,31,1.1
27,27,32,1.2
27,26,42,1.6
25,10,5,0.45
24,24,36,1.5
22,22,40,1.8
20,20,40,2
20,20,46,2.3
20,20,20,1.02
20,17,10,0.6
20,20,14,0.7
18,15,16,1.07
18,12,10,0.8
15,13,8,0.6
15,15,30,2
14,14,24,1.7
10,10,15,1.5
10,10,12,1.2
10,10,6,0.6
10,10,18,1.8
8,6,6,1
8,8,11,1.4
7,6,11,1.7
6,5,3,0.53
5,5,8,1.5
5,5,2,0.3
5,4,1,0.3
4,4,6,1.4
4,4,5,1.4
3,3,3,1
3,3,1,0.4
2,2,4,2
2,2,2,0.9
2,2,2,0.8
2,2,2,1.2
2,2,3,1.5
1,1,1,1.8
280,280,224,0.8
250,250,100,0.4
180,180,90,0.5
150,150,45,0.3
105,101,101,1
100,70,28,0.4
100,100,170,1.7
85,85,128,1.5
80,80,40,0.5
80,80,64,0.8
70,70,56,0.8
70,70,123,1.75
65,37,30,0.8
55,55,25,0.45
55,25,11,0.42
50,50,80,1.6
42,32,26,0.8
40,40,36,0.9
36,36,36,1
35,35,35,1
35,18,21,1.19
30,30,65,2.17
30,30,60,2
27,26,18,0.68
25,23,35,1.5
25,20,10,0.5
25,25,30,1.2
24,24,48,2
24,21,22,1.05
23,23,36,1.53
23,23,14,0.6
22,11,17,1.5
20,20,11,0.53
20,18,9,0.5
20,18,18,1
20,19,38,2
20,20,24,1.2
20,20,14,0.7
20,20,14,0.7
20,18,18,1
18,14,8,0.6
17,16,15,0.95
15,15,18,1.2
15,15,10,0.67
15,13,10,0.8
15,15,9,0.6
15,15,30,2
15,10,12,1.23
14,14,6,0.4
12,12,7,0.6
12,11,9,0.8
11,10,24,2.33
11,11,19,1.7
11,11,13,1.18
10,10,10,1
10,10,10,1
10,9,5,0.6
10,10,20,2
10,10,10,1
10,10,11,1.15
9,9,9,1.05
8,6,6,1
8,8,6,0.8
8,6,4,0.6
8,8,11,1.4
7,7,12,1.7
7,7,10,1.4
6,6,14,2.3
5,5,4,0.8
5,5,8,1.5
5,5,3,0.63
4,3,3,1
4,4,3,0.8
3,3,4,1.3
3,3,2,0.7
3,3,6,2
3,3,6,1.98
3,3,1,0.4
2,1,1,0.7
2,2,2,0.9
1,1,2,1.5
1,1,2,1.5
280,280,224,0.8
250,249,174,0.7
180,170,85,0.5
100,98,98,1
100,100,156,1.56
80,70,140,2
80,75,113,1.5
76,74,148,2
70,70,64,0.91
70,70,56,0.8
50,50,15,0.3
50,45,45,1
45,45,117,2.6
40,40,60,1.5
40,39,71,1.84
38,38,47,1.23
32,29,30,1.05
30,30,32,1.05
30,30,16,0.53
30,30,18,0.6
30,28,25,0.88
30,30,27,0.9
30,26,12,0.45
30,30,27,0.9
29,7,10,1.53
28,28,50,1.8
27,27,32,1.2
26,22,26,1.16
25,20,8,0.4
25,10,14,1.35
25,24,35,1.5
25,2,2,0.9
25,25,20,0.83
23,20,32,1.6
20,20,24,1.2
20,20,20,1.02
20,20,14,0.7
19,8,5,0.6
17,13,8,0.6
15,15,8,0.5
15,15,26,1.75
14,14,10,0.7
12,10,11,1.05
11,11,19,1.7
10,9,8,0.95
10,9,14,1.5
10,9,12,1.3
10,5,3,0.5
10,10,6,0.6
7,7,4,0.6
6,5,5,1
5,5,7,1.5
5,5,7,1.4
5,5,5,1
5,5,3,0.63
4,4,3,0.7
4,3,2,0.6
4,4,1,0.4
4,3,4,1.3
3,3,3,1
2,2,1,0.42
2,2,3,1.5
1,1,0,0.35
1,1,1,0.7
280,280,84,0.3
200,120,36,0.3
180,180,72,0.4
160,160,48,0.3
105,101,101,1
100,50,100,2
90,60,24,0.4
85,85,128,1.5
70,70,63,0.9
70,70,165,2.35
70,70,63,0.9
65,20,16,0.8
65,60,48,0.8
55,55,44,0.8
45,45,24,0.53
40,38,41,1.09
40,39,61,1.56
35,35,70,2
30,30,36,1.2
30,27,27,1
26,22,26,1.2
25,25,13,0.5
25,25,25,1
25,25,38,1.5
25,25,50,2
25,25,33,1.32
24,24,48,2
24,22,20,0.9
23,20,32,1.6
22,20,20,1
20,20,26,1.32
20,18,7,0.4
20,19,15,0.79
20,15,15,1
19,16,16,1.01
18,15,9,0.6
17,16,14,0.9
15,10,10,1
15,15,15,1
15,15,15,1.02
15,13,10,0.8
15,13,10,0.8
15,11,7,0.66
15,15,18,1.2
14,14,13,0.9
13,12,22,1.8
12,12,6,0.5
11,11,17,1.5
10,10,10,1
10,9,9,1
10,10,6,0.6
10,9,5,0.6
10,10,17,1.7
10,10,7,0.7
9,9,12,1.3
9,9,10,1.1
8,5,5,1
8,8,6,0.8
8,6,4,0.6
8,8,11,1.4
7,7,10,1.49
5,5,1,0.2
5,5,5,1
5,5,7,1.4
4,4,3,0.8
4,4,5,1.32
4,3,3,1
4,3,2,0.62
3,3,2,0.66
3,3,4,1.3
3,3,5,1.5
3,3,5,1.5
3,3,2,0.66
3,3,1,0.4
2,2,2,0.92
2,1,2,2
2,2,3,1.7
2,2,2,0.95
1,1,1,0.9
280,280,84,0.3
250,249,498,2
180,150,45,0.3
160,160,48,0.3
100,95,95,1
80,80,120,1.5
70,70,63,0.9
70,70,56,0.8
57,54,84,1.56
50,49,88,1.8
50,45,45,1
45,43,86,2
40,38,41,1.09
40,40,48,1.2
35,34,80,2.35
35,35,35,1
30,30,60,2
30,30,24,0.8
30,29,55,1.9
29,29,41,1.43
28,28,50,1.8
28,25,38,1.5
27,25,24,0.95
25,25,38,1.5
25,25,21,0.85
25,25,50,2
20,20,32,1.6
20,20,34,1.7
20,18,14,0.8
18,15,9,0.6
16,12,12,1.01
15,10,4,0.4
15,15,15,1
15,15,15,1.02
15,10,7,0.66
12,12,18,1.5
12,10,12,1.2
10,9,7,0.85
10,10,10,1
10,10,17,1.7
9,7,9,1.32
9,9,12,1.3
8,5,5,1
8,8,8,1
7,7,4,0.66
6,4,4,1
6,5,3,0.5
5,5,7,1.5
5,4,2,0.6
4,4,3,0.7
4,3,2,0.8
4,4,3,0.8
4,3,4,1.3
4,4,2,0.4
4,4,2,0.53
3,3,3,1
3,3,4,1.3
2,2,2,0.9
2,2,1,0.62
2,2,3,1.5
2,2,2,0.9
1,1,1,0.97
1,1,1,1
300,300,90,0.3
165,164,49,0.3
150,80,32,0.4
150,100,20,0.2
105,101,71,0.7
90,90,72,0.8
90,80,80,1
80,40,80,2
75,40,16,0.4
65,20,16,0.8
60,60,48,0.8
58,51,41,0.8
55,55,44,0.8
50,50,60,1.2
35,35,70,2
35,35,18,0.5
32,30,59,1.96
30,30,36,1.2
30,30,52,1.74
30,30,21,0.7
29,29,41,1.43
26,22,21,0.96
25,25,50,2
25,25,13,0.5
25,20,30,1.5
25,25,50,2
24,22,20,0.9
20,20,39,1.95
20,20,8,0.4
20,19,34,1.8
20,20,24,1.2
20,20,36,1.8
20,17,12,0.7
18,15,9,0.6
17,16,10,0.63
15,15,15,1
15,15,18,1.2
15,15,15,1.02
14,7,12,1.72
12,12,6,0.5
11,11,17,1.5
11,10,20,2
11,11,16,1.5
10,8,8,1
10,10,5,0.5
10,9,9,1
10,10,6,0.6
10,7,7,0.97
10,10,17,1.7
10,10,10,1
9,9,8,0.9
9,9,11,1.3
8,8,6,0.8
8,5,3,0.7
8,6,4,0.6
8,8,11,1.4
7,7,10,1.49
5,5,5,1
5,3,2,0.6
5,5,1,0.2
5,3,2,0.8
5,5,10,2
5,5,2,0.45
5,5,8,1.5
5,5,2,0.4
4,4,5,1.3
4,3,4,1.4
3,3,4,1.5
3,2,3,1.5
3,3,5,1.5
3,3,4,1.5
3,2,2,0.8
2,2,3,1.7
2,2,2,0.9
1,1,1,0.97
280,280,84,0.3
260,259,389,1.5
160,160,48,0.3
120,100,30,0.3
110,110,164,1.5
100,95,95,1
90,90,72,0.8
90,87,174,2
75,73,139,1.9
70,70,56,0.8
60,55,66,1.2
50,50,75,1.49
50,49,88,1.8
50,49,98,2
50,50,72,1.43
45,45,54,1.2
40,40,80,2
40,39,59,1.5
30,30,60,2
30,30,15,0.5
27,25,24,0.95
27,27,47,1.74
25,25,38,1.5
25,24,25,1.05
25,25,21,0.85
25,25,50,2
20,10,3,0.3
20,20,36,1.8
20,20,20,1
20,20,24,1.2
20,15,15,1
20,20,40,2
18,15,6,0.42
17,16,16,1
16,16,31,1.96
15,15,15,1
15,15,15,1.02
13,10,6,0.6
12,12,20,1.7
10,9,7,0.85
10,7,12,1.72
10,10,10,1
10,7,5,0.68
9,7,14,2
8,6,4,0.6
8,6,12,2
7,7,10,1.49
7,6,9,1.5
5,5,5,1
5,5,7,1.5
5,4,2,0.5
5,5,3,0.6
5,5,8,1.5
5,5,8,1.5
4,4,3,0.7
4,3,4,1.3
4,4,2,0.4
3,3,5,1.5
3,3,8,2.5
3,3,4,1.4
2,2,2,1
2,1,0,0.5
2,2,3,1.5
2,2,3,1.7
2,2,3,1.5
1,1,2,2
15,15,15,1.02
200,190,95,0.5
148,115,92,0.8
130,130,195,1.5
120,100,50,0.5
110,105,105,1
90,90,72,0.8
60,60,48,0.8
50,40,16,0.4
50,20,16,0.8
50,45,36,0.8
50,25,38,1.5
40,32,32,1
35,35,35,1
32,32,38,1.2
30,30,36,1.2
30,20,8,0.4
30,28,56,2
30,28,42,1.5
30,25,30,1.2
26,22,21,0.96
25,25,13,0.5
24,22,18,0.83
22,18,20,1.1
22,22,11,0.5
22,21,32,1.5
21,17,26,1.5
20,20,20,1
20,18,13,0.7
20,18,27,1.5
20,20,40,2
20,20,20,1
20,20,20,1
19,15,9,0.59
16,14,4,0.3
15,15,15,1
15,15,26,1.7
14,11,9,0.8
13,12,16,1.3
13,13,12,0.96
12,8,6,0.78
12,12,20,1.7
11,11,17,1.5
11,11,7,0.64
11,10,14,1.4
10,6,4,0.6
10,8,10,1.2
10,10,14,1.4
10,8,8,1
10,10,10,1
10,10,10,1
10,10,15,1.5
10,8,16,2
9,8,8,1
9,9,6,0.7
8,8,8,1
8,6,4,0.6
8,8,16,2
8,7,7,1
8,7,10,1.4
7,7,8,1.1
6,6,4,0.6
5,5,5,1
5,5,5,1
5,4,6,1.5
5,5,4,0.8
5,5,9,1.8
5,5,10,2
4,4,6,1.5
4,4,6,1.5
3,3,6,1.75
3,3,6,2
3,3,6,2
2,2,2,1.2
2,2,3,1.7
2,2,2,1
2,2,1,0.4
2,2,2,1.2
1,1,2,2
263,198,158,0.8
260,260,284,1.09
200,190,285,1.5
200,200,60,0.3
150,150,300,2
120,115,115,1
90,90,72,0.8
88,80,80,1
80,80,144,1.8
80,80,80,1
60,60,48,0.8
58,58,91,1.58
50,49,74,1.5
45,41,81,1.97
43,43,68,1.58
40,40,16,0.4
32,32,32,1
32,32,63,2
30,28,28,1
30,30,37,1.23
29,29,58,2
22,18,20,1.1
22,22,21,0.96
21,19,24,1.27
21,21,32,1.5
20,20,20,1
20,18,18,1
20,15,18,1.2
20,17,26,1.5
20,20,40,2
20,20,20,1
20,15,15,1
16,14,4,0.3
15,15,18,1.2
15,15,15,1.02
15,12,18,1.5
14,12,10,0.8
14,13,16,1.3
12,12,18,1.5
12,11,17,1.5
12,12,24,2
10,8,10,1.2
10,8,4,0.5
10,10,10,1
9,9,9,1
8,7,4,0.6
8,6,4,0.6
7,6,6,1
6,6,4,0.6
6,5,5,1
5,5,5,1
5,3,2,0.6
5,4,4,1
5,5,10,2
3,3,4,1.3
3,3,5,1.5
3,3,6,2
2,2,2,1
2,2,2,1.2
2,2,3,1.7
2,2,3,1.7
2,2,4,2
2,1,1,0.5
263,200,100,0.5
192,176,162,0.92
99,99,99,1
90,90,72,0.8
70,70,56,0.8
50,35,14,0.4
50,30,24,0.8
50,45,36,0.8
50,50,40,0.8
50,42,25,0.6
40,35,28,0.8
40,30,31,1.05
38,35,35,1
35,35,35,1
32,28,11,0.4
30,30,52,1.75
30,30,42,1.4
30,30,42,1.4
30,25,30,1.2
27,25,21,0.83
25,25,25,1
25,25,13,0.5
25,23,32,1.4
25,25,35,1.4
23,21,15,0.73
23,23,32,1.4
23,23,24,1.05
22,22,22,1
22,20,21,1.05
20,18,18,1
20,20,8,0.4
20,20,14,0.7
20,20,20,1
20,20,20,1
20,20,25,1.25
18,16,17,1.05
17,17,21,1.19
16,10,6,0.6
16,14,11,0.8
16,14,16,1.15
16,12,19,1.61
15,15,15,1.02
13,12,12,0.97
12,12,12,1.03
11,11,13,1.2
11,8,8,1
11,11,14,1.26
10,9,9,1
10,10,14,1.4
10,10,8,0.75
10,10,7,0.68
10,8,6,0.8
9,9,9,1
9,8,8,1
9,9,6,0.7
8,7,10,1.4
8,6,7,1.2
8,8,8,1.05
8,8,20,2.45
8,6,4,0.6
8,4,6,1.4
8,7,7,1
7,7,8,1.1
6,6,6,1.05
6,6,3,0.6
6,6,13,2.1
6,6,6,1.12
5,5,7,1.3
5,5,5,1
5,5,5,1
5,5,4,0.8
5,5,5,1
4,4,6,1.4
3,2,2,1
3,2,3,1.4
2,2,3,1.4
2,2,2,1.19
2,2,2,1.2
2,1,1,0.6
290,287,361,1.26
255,240,336,1.4
230,227,269,1.18
128,127,127,1
120,100,50,0.5
110,110,115,1.05
110,108,113,1.05
100,100,100,1
85,80,64,0.8
60,51,31,0.6
50,50,40,0.8
45,43,43,1
42,42,52,1.24
40,40,53,1.33
40,32,32,1
40,40,40,1
40,39,41,1.05
35,35,35,1
31,31,43,1.4
30,25,10,0.4
30,30,31,1.05
30,30,41,1.4
30,30,42,1.4
28,28,33,1.19
22,20,20,1
22,22,23,1.05
21,15,18,1.2
20,18,18,1
20,20,24,1.2
20,18,22,1.2
20,20,28,1.4
20,20,20,1
20,19,20,1.05
20,18,18,1
18,16,17,1.05
16,16,13,0.8
15,15,8,0.5
15,15,21,1.4
15,14,14,1
15,15,15,1.02
14,13,14,1.05
13,11,14,1.26
12,12,6,0.5
11,9,12,1.4
10,10,10,1.05
10,10,10,1
9,9,9,1
8,8,8,1.05
8,6,4,0.6
8,7,10,1.47
8,6,7,1.2
8,8,8,1.05
8,6,4,0.6
6,5,5,1
5,5,5,1
5,4,3,0.8
5,5,5,1
4,4,3,0.7
3,3,4,1.26
3,3,3,1
3,2,2,1.05
3,3,2,0.5
3,3,4,1.4
2,2,3,1.4
2,2,3,1.54
2,2,3,1.4
2,1,1,0.4
1,1,1,1.3
300,300,378,1.26
270,270,378,1.4
199,199,190,0.95
180,180,90,0.5
150,150,150,1
110,110,110,1
100,100,60,0.6
90,90,72,0.8
80,80,84,1.05
60,60,60,1
60,60,84,1.4
52,52,43,0.82
51,51,42,0.82
50,50,40,0.8
45,45,45,1
41,41,58,1.42
40,40,40,1
40,40,40,1
40,40,40,1
35,35,14,0.4
35,35,49,1.4
33,33,13,0.4
30,30,30,1
30,30,67,2.24
30,30,42,1.4
26,26,27,1.04
26,26,37,1.44
26,26,30,1.17
25,25,30,1.2
25,25,25,1
24,24,30,1.26
24,24,34,1.42
24,24,29,1.23
23,23,26,1.11
23,23,24,1.06
21,21,9,0.41
20,20,20,1
20,20,10,0.5
20,20,21,1.05
20,20,28,1.4
20,20,21,1.05
20,20,20,1
20,20,10,0.5
20,20,24,1.19
18,18,18,1
16,16,10,0.6
16,16,13,0.8
15,15,15,1.02
15,15,19,1.26
13,13,18,1.4
13,13,14,1.05
12,12,15,1.22
11,11,8,0.76
10,10,10,1
10,10,14,1.4
10,10,7,0.71
10,10,6,0.6
10,10,14,1.4
9,9,9,1
9,9,22,2.49
9,9,9,1.05
9,9,6,0.7
8,8,8,1.05
8,8,9,1.14
8,8,8,1
6,6,6,1.04
6,6,7,1.2
6,6,6,1.05
6,6,8,1.4
6,6,7,1.14
5,5,5,1
5,5,7,1.47
5,5,8,1.54
5,5,4,0.8
5,5,5,1
4,4,5,1.3
3,3,3,1.05
3,3,4,1.22
2,2,1,0.4
6,5,5,0.9
9,9,9,1
50,50,52,1.05
8,8,6,0.7
50,50,52,1.05
9,9,6,0.7
5,4,3,0.8
15,15,23,1.5
2,2,2,1.05
3,3,3,1.07
1800,1750,30000,17.14
1674,1650,23100,14
1200,1050,18000,17.14
1000,970,22000,22.68
718,701,14020,20
700,680,10200,15
690,650,10400,16
580,560,8960,16
550,520,8840,17
550,530,8500,16.04
480,450,8500,18.89
460,430,5332,12.4
450,430,5500,12.79
450,450,4950,11
400,350,9800,28
374,350,5250,15
350,340,6800,20
320,190,2425,12.76
300,280,8400,30
300,300,4800,16
270,170,3565,20.97
250,200,2400,12
250,250,2850,11.4
250,250,3500,14
250,240,3840,16
245,230,3680,16
241,241,3120,12.95
240,210,2970,14.14
240,150,1800,12
230,230,2990,13
220,220,5500,25
215,215,3340,15.53
185,185,3070,16.59
160,140,2240,16
150,150,2250,15
131,79,1152,14.66
121,118,1416,12
120,120,2160,18
120,120,1200,10
120,110,1320,12
100,100,1500,15
100,100,1400,14
100,80,800,10
100,100,2000,20
100,100,950,9.5
100,100,1200,12
90,90,1080,12
80,40,720,18
80,80,960,12
80,75,1350,18
80,80,1200,15
80,80,800,10
75,75,750,10
74,60,900,15
60,50,650,13
60,58,812,14
60,60,800,13.33
58,56,560,10
50,45,700,15.56
50,50,750,15
40,40,625,15.63
30,30,375,12.5
30,30,450,15
30,30,330,11
20,18,468,26
20,18,200,11.11
20,20,300,15
18,18,150,8.33
18,18,200,11.11
15,14,98,7
15,15,195,13
15,15,188,12.5
10,10,150,15
10,10,120,12
8,8,48,6
7,4,25,6.25
6,6,68,11.4
6,6,48,8
4,4,80,20
3,3,30,10
3,3,10,4
1,1,3,3
2000,1971,37500,19.03
1850,1740,21000,12.07
1000,1000,30000,30
985,900,13500,15
950,900,13500,15
850,850,10200,12
850,750,14500,19.33
805,800,12000,15
771,763,16226,21.27
750,750,15000,20
630,580,9300,16.03
600,520,10000,19.23
521,500,9500,19
500,500,7000,14
500,400,8000,20
400,200,3000,15
400,330,6400,19.39
400,320,5760,18
325,305,4600,15.08
320,240,7200,30
305,285,4275,15
300,205,1850,9.02
300,280,4200,15
300,250,2500,10
280,140,1960,14
274,250,3600,14.4
270,260,3120,12
250,250,2850,11.4
240,240,4320,18
230,225,2925,13
230,220,3520,16
220,220,5500,25
200,200,3000,15
200,200,2000,10
190,190,1930,10.16
190,185,2835,15.32
180,180,3250,18.06
160,120,1320,11
150,150,2750,18.33
150,150,2250,15
130,130,2600,20
127,102,1224,12
122,122,1790,14.67
115,112,1344,12
100,90,1350,15
90,85,1530,18
80,65,845,13
80,80,1120,14
80,80,1200,15
75,75,750,10
70,70,910,13
70,50,700,14
65,65,650,10
60,57,980,17.19
60,60,600,10
60,60,900,15
60,60,900,15
60,60,800,13.33
60,60,720,12
50,45,680,15.11
50,50,600,12
41,37,959,26
40,40,625,15.63
30,30,375,12.5
25,25,250,10
25,25,275,11
20,20,300,15
20,20,400,20
20,18,220,12.22
20,20,160,8
20,20,300,15
20,18,220,12.22
15,15,113,7.5
14,14,157,11.21
12,12,96,8
10,10,125,12.5
7,5,35,7
6,6,96,16
5,4,40,10
4,4,46,11.4
4,4,80,20
3,3,18,6
2,2,20,10
2,1,4,4
1,1,3,3
2300,1700,25500,15
1800,1800,27000,15
1600,1420,24120,16.99
1500,783,5525,7.06
1200,1150,17560,15.27
1100,1050,15750,15
1100,800,24000,30
674,674,14154,21
625,591,7445,12.6
600,600,12800,21.33
600,600,9000,15
510,200,2400,12
500,500,6000,12
360,360,4920,13.67
350,280,4680,16.71
350,350,5250,15
350,350,5550,15.86
334,334,4008,12
330,330,6270,19
300,280,8400,30
300,300,5400,18
300,205,1850,9.02
300,250,3750,15
250,250,3500,14
250,250,3800,15.2
240,240,3600,15
237,230,2760,12
230,230,2760,12
220,220,5500,25
185,185,3070,16.59
180,180,1980,11
180,180,2700,15
170,170,1360,8
150,150,2250,15
125,125,1490,11.92
121,118,1180,10
120,120,2400,20
100,100,1800,18
100,100,950,9.5
100,100,1000,10
95,95,855,9
80,70,840,12
80,75,900,12
75,70,980,14
70,70,700,10
70,70,840,12
65,65,845,13
60,60,625,10.42
50,45,270,6
45,45,675,15
45,45,555,12.33
40,38,1140,30
40,40,532,13.3
30,30,120,4
30,30,360,12
30,30,350,11.67
30,28,448,16
25,25,270,10.8
25,25,72,2.94
20,20,425,21.25
18,18,110,6.11
17,15,120,8
15,13,20,1.54
15,15,100,6.67
12,12,180,15
10,10,110,11
8,8,84,10.5
8,8,80,10
7,7,56,8
5,5,50,10
4,4,80,20
3,3,36,12
1,1,10,10
2000,2000,32000,16
1600,1600,25300,15.81
1500,1100,34000,30.91
1380,1350,23000,17.04
1300,1250,25000,20
1300,1200,18560,15.47
1200,1200,18000,15
1112,1112,23264,20.92
1100,1100,23600,21.45
1100,1100,15900,14.45
1000,1000,15600,15.6
900,300,4500,15
750,750,9375,12.5
700,700,15300,21.86
650,591,7445,12.6
500,500,9000,18
500,500,7000,14
500,300,3600,12
395,395,3160,8
353,330,3432,10.4
325,325,4920,15.14
320,320,4800,15
300,280,8000,28.57
280,280,4650,16.61
270,250,1700,6.8
240,240,3600,15
220,220,5500,25
200,200,3600,18
200,200,2000,10
190,185,2835,15.32
180,180,2700,15
180,180,1800,10
150,150,2250,15
130,130,1170,9
113,110,1100,10
110,110,1320,12
100,100,2000,20
94,94,1120,11.91
90,90,900,10
90,90,990,11
90,85,1020,12
82,82,1230,15
68,62,620,10
60,58,696,12
60,60,650,10.83
60,60,800,13.33
50,50,700,14
50,45,270,6
50,47,658,14
40,40,600,15
40,35,438,12.5
40,40,480,12
40,38,1140,30
35,35,155,4.49
30,30,390,13
30,30,300,10
30,30,480,16
28,28,340,12.14
25,25,300,12
25,25,72,2.88
24,24,230,9.58
20,20,206,10.3
20,18,146,8.11
20,20,160,8
18,18,110,6.11
17,17,347,20.41
15,15,165,11
12,12,92,8
10,10,150,15
10,10,75,7.5
8,8,160,20
7,7,62,8.86
6,6,60,10
4,4,80,20
2,2,24,12
1,1,10,10
1800,1800,26900,14.94
1800,1800,27000,15
1720,1600,28600,17.88
1200,1100,17240,15.67
1106,847,18126,21.4
1000,1000,30000,30
750,750,16400,21.87
700,650,7800,12
650,591,7445,12.6
650,650,13860,21.32
600,600,7200,12
500,500,7500,15
400,400,5000,12.5
393,390,4680,12
360,360,6480,18
360,360,6400,17.78
350,350,5550,15.86
330,330,4950,15
320,320,6760,21.13
300,300,3300,11
300,300,3600,12
280,280,1500,5.36
252,252,3812,15.13
250,240,7200,30
250,250,3500,14
240,240,3600,15
230,230,2990,13
220,220,5500,25
180,180,2700,15
170,170,1360,8
150,150,2250,15
130,130,2500,19.23
112,110,1100,10
100,100,1800,18
90,90,990,11
90,90,1040,11.56
80,70,1260,18
80,60,565,9.42
80,80,960,12
80,80,1000,12.5
74,74,1050,14.19
70,70,840,12
60,60,650,10.83
60,60,600,10
50,42,588,14
50,45,270,6
40,38,456,12
40,38,532,14
40,40,540,13.5
30,30,390,13
30,30,310,10.33
30,30,350,11.67
30,30,480,16
21,21,236,11.24
20,20,300,15
20,20,425,21.25
18,18,270,15
17,16,128,8
15,15,110,7.33
15,15,199,13.66
13,13,195,15
12,12,132,11
10,10,60,6
9,9,100,11.11
9,9,81,9
8,8,10,1.25
8,8,160,20
7,7,56,8
6,6,60,10
5,5,15,3
5,5,50,10
4,4,80,20
1,1,10,10
3500,3500,75000,21.43
3260,3260,84600,25.95
2720,2330,38290,16.43
2000,2000,24000,12
1350,1290,25220,19.55
1200,1100,23392,21.27
1100,1100,15100,13.73
800,750,13875,18.5
750,750,9300,12.4
700,700,12240,17.49
660,660,7920,12
600,450,5400,12
520,420,11700,27.86
510,510,9020,17.69
500,500,7500,15
400,400,12000,30
400,400,6000,15
350,350,4570,13.06
345,345,6155,17.84
300,300,5400,18
300,250,3125,12.5
300,290,4350,15
300,300,4200,14
300,300,4500,15
265,265,7100,26.79
210,200,2715,13.58
200,200,3600,18
200,200,2000,10
200,180,2700,15
190,190,3890,20.47
185,185,3053,16.5
180,180,2520,14
150,150,1800,12
150,147,1470,10
150,145,1450,10
120,102,1224,12
100,100,1400,14
95,95,1140,12
80,75,375,5
77,65,325,5
75,75,1125,15
70,70,840,12
70,70,1400,20
70,60,600,10
70,70,1050,15
68,68,680,10
60,50,800,16
60,60,600,10
50,44,264,6
45,44,616,14
43,40,494,12.35
40,38,494,13
40,35,420,12
40,40,400,10
40,39,1170,30
40,40,532,13.3
35,35,525,15
33,33,514,15.58
30,30,210,7
27,27,278,10.3
25,24,168,7
25,25,375,15
25,24,384,16
20,20,240,12
18,18,126,7
17,16,112,7
15,15,165,11
15,12,120,10
15,15,255,17
15,15,300,20
14,13,104,8
10,9,120,13.17
8,7,105,15
8,7,40,5.93
6,6,90,15
6,6,60,10
6,6,23,3.75
5,5,60,12
4,3,21,7
3,3,31,10.3
3,3,60,20
2,2,10,5
2,1,10,10
2,2,11,7
3700,3700,95450,25.8
2550,2450,43250,17.65
2300,1200,13080,10.9
1600,1600,32500,20.31
1060,990,20765,20.97
980,850,14850,17.47
620,540,6300,11.67
600,600,7200,12
600,600,10600,17.67
520,430,9900,23.02
390,390,6900,17.69
361,361,6426,17.8
350,325,8125,25
320,280,3640,13
320,320,4800,15
270,270,3240,12
270,260,4850,18.65
250,250,4500,18
250,240,2880,12
250,200,2400,12
250,250,3500,14
250,250,3000,12
200,195,1950,10
200,200,3000,15
200,180,2700,15
190,185,2831,15.3
190,190,3890,20.47
180,170,2950,17.35
170,162,2195,13.55
165,165,2475,15
150,150,2100,14
136,136,1620,11.91
120,120,1200,10
110,110,2000,18.18
100,100,1400,14
100,100,1800,18
100,94,1580,16.81
100,100,950,9.5
100,100,1500,15
95,95,1140,12
80,80,960,12
80,70,840,12
70,70,1050,15
70,70,840,12
53,51,652,12.78
50,45,360,8
45,42,252,6
40,40,800,20
40,30,480,16
40,40,400,10
40,39,546,14
40,40,1200,30
40,40,532,13.3
30,30,210,7
25,20,206,10.3
25,25,225,9
20,20,260,13
20,20,200,10
20,19,304,16
17,15,120,8
15,15,300,20
14,14,199,14.05
12,12,132,11
10,10,70,7
10,10,50,5
9,9,55,6.11
8,8,120,15
7,6,90,15
7,7,84,12
7,7,56,8
4,4,60,15
4,4,80,20
4,4,15,3.75
4,3,21,7
1,1,8,6.5
3400,3400,61200,18
3070,3070,78240,25.49
2650,2490,41390,16.62
2050,2050,24600,12
1500,1300,22360,17.2
1280,1000,21300,21.3
1200,1100,22000,20
1200,1110,13130,11.83
880,330,7010,21.24
850,850,15300,18
800,800,12000,15
700,700,14000,20
650,650,7800,12
600,600,12000,20
520,520,8320,16
490,490,12250,25
400,400,560,1.4
390,335,5300,15.82
350,350,5250,15
300,280,7000,25
300,300,3750,12.5
300,300,4200,14
265,265,4030,15.21
250,200,4000,20
200,190,3420,18
200,200,2400,12
190,185,2831,15.3
190,190,2280,12
190,190,3890,20.47
180,180,1800,10
160,160,1920,12
135,135,2700,20
120,120,2200,18.33
120,115,1725,15
112,110,1320,12
110,110,1375,12.5
100,100,1400,14
100,100,1200,12
100,100,1800,18
97,96,1435,14.95
94,89,1754,19.77
90,80,960,12
85,83,415,5
80,70,980,14
80,80,840,10.5
80,60,720,12
70,50,1035,20.7
70,70,1190,17
70,70,1050,15
62,62,620,10
55,55,495,9
50,48,576,12
45,44,550,12.5
42,35,210,6
40,40,480,12
40,35,455,13
40,39,546,14
40,39,1170,30
40,40,532,13.3
36,36,710,20
35,35,578,16.5
25,24,384,16
20,20,240,12
20,20,300,15
20,10,120,12
20,20,200,10
18,18,43,2.4
17,16,128,8
15,15,225,15
14,14,154,11
14,13,104,8
12,12,84,7
10,10,200,20
10,10,38,3.8
9,9,61,6.78
8,8,42,5
8,8,40,5
7,7,84,12
5,5,75,15
5,5,40,8
5,5,50,10
2,2,18,10
2,2,40,20
3200,3200,82500,25.78
2300,2300,25070,10.9
1800,1620,23880,14.74
1600,1600,32000,20
1080,1000,20000,20
1050,970,11515,11.87
950,830,19270,23.22
900,850,14790,17.4
800,800,17100,21.38
720,720,14400,20
400,400,10000,25
400,400,8000,20
300,300,3750,12.5
300,300,3600,12
300,280,4200,15
300,300,5400,18
300,250,5000,20
265,265,4717,17.8
250,250,3500,14
210,210,2520,12
200,198,2376,12
190,190,3890,20.47
150,120,3600,30
150,150,1800,12
135,135,2700,20
130,130,3146,24.2
130,130,1560,12
120,120,2200,18.33
120,115,1725,15
100,100,1400,14
100,90,1620,18
100,100,1200,12
100,100,1500,15
100,100,1000,10
90,80,1120,14
90,90,1080,12
80,80,1000,12.5
80,75,975,13
75,75,1125,15
72,60,1188,19.8
55,40,510,12.75
50,50,900,18
50,50,750,15
50,50,900,18
46,46,288,6.26
45,42,537,12.78
40,40,532,13.3
37,37,668,18.04
35,35,210,6
35,12,168,14
35,35,560,16
30,25,250,10
27,22,187,8.5
25,25,375,15
25,25,300,12
20,18,234,13
20,19,304,16
15,15,300,20
15,15,30,2
12,12,132,11
10,10,38,3.75
9,9,56,6.55
8,8,120,15
8,8,60,8
7,7,84,12
6,6,60,10
4,4,80,20
3,3,24,8
2,2,30,15
3481,3481,64458,18.52
2850,2080,39360,18.92
2689,2620,43470,16.59
1900,1800,22000,12.22
1580,1369,23742,17.34
1263,1158,23160,20
1200,1100,7700,7
1000,250,8000,32
927,922,20480,22.21
895,855,1598,1.87
800,700,8400,12
737,737,14740,20
630,330,3000,9.09
600,500,8000,16
450,360,5400,15
421,421,8420,20
410,352,5544,15.75
370,370,5550,15
350,250,3850,15.4
316,295,7375,25
300,250,3000,12
300,300,3600,12
290,280,3250,11.61
279,279,4244,15.21
211,211,2528,12
211,200,3602,18
200,150,5250,35
200,195,2984,15.3
200,200,4095,20.48
190,60,324,5.4
170,150,1200,8
126,126,2318,18.33
118,116,1390,12
116,116,1447,12.5
110,110,660,6
105,105,1890,18
100,85,820,9.65
99,93,1848,19.77
97,96,1243,12.91
95,80,960,12
95,84,1008,12
92,92,1254,13.63
89,87,437,5
84,63,758,12
74,53,1115,21.04
74,74,1253,17
70,70,700,10
70,58,1740,30
70,50,1000,20
65,65,653,10
60,30,240,8
58,58,521,9
50,45,450,10
43,42,1871,44.55
42,42,506,12
40,10,133,13.3
38,35,490,14
37,37,668,18.04
37,37,608,16.5
36,30,600,20
30,20,240,12
26,25,400,16
21,21,316,15
21,21,210,10
20,19,95,5
20,9,108,12
18,17,472,28
17,17,9,0.5
16,16,237,15
15,15,165,11
15,15,180,12
15,14,109,8
13,13,91,7
11,11,40,3.8
10,10,60,6
10,10,300,30
9,9,64,6.78
9,9,45,5
5,5,75,15
5,5,50,10
2,2,19,10
2,2,14,7
3140,3140,77150,24.57
2300,2300,25070,10.9
1986,1706,25252,14.8
1685,1685,33700,20
1137,1052,21040,20
1000,874,19102,21.86
948,895,15675,17.51
758,758,15160,20
700,650,3900,6
600,550,6600,12
500,500,4600,9.2
500,500,15000,30
400,400,4800,12
350,250,3850,15.4
300,240,3600,15
290,280,3350,11.96
279,279,4244,15.21
250,250,3000,12
230,200,1600,8
190,190,3890,20.47
170,140,1520,10.86
158,126,3780,30
158,158,1896,12
137,137,3315,24.2
126,126,2315,18.33
105,95,1705,18
105,105,1575,15
100,100,1200,12
95,95,1140,12
95,95,1137,12
90,90,1080,12
90,90,2700,30
84,79,1027,13
80,70,613,8.75
76,63,1251,19.8
70,70,1400,20
70,70,350,5
63,15,225,15
58,42,533,12.69
53,53,954,18
53,53,790,15
53,53,948,18
50,50,500,10
48,48,305,6.3
40,40,532,13.3
39,39,698,17.88
37,37,590,16
36,34,476,14
32,26,260,10
30,30,1275,42.5
30,25,300,12
28,23,197,8.5
26,26,395,15
25,19,380,20
25,25,300,12
21,20,320,16
20,20,360,18
15,15,375,25
12,12,6,0.5
11,11,40,3.75
10,10,110,11
9,9,59,6.55
8,8,126,15
8,8,63,8
6,6,60,10
2,2,30,15
2,2,14,7
3000,3000,36000,12
2800,2650,39750,15
2000,1900,47500,25
1200,1100,11000,10
1050,850,17000,20
1014,254,8128,32
895,895,15975,17.85
801,790,23685,30
800,750,7500,10
745,745,14900,20
700,700,12600,18
670,550,16128,29.32
600,540,7695,14.25
600,500,6000,12
540,520,18200,35
451,451,6765,15
400,400,6000,15
360,360,5760,16
350,350,5250,15
324,302,7550,25
300,300,3600,12
290,290,3625,12.5
290,280,4592,16.4
270,234,3940,16.84
250,250,3750,15
250,250,4025,16.1
247,247,2082,8.43
220,200,8000,40
215,210,6300,30
211,190,2660,14
207,155,5425,35
195,180,3240,18
190,185,2831,15.3
180,180,2160,12
170,160,1920,12
150,150,1950,13
140,130,1690,13
110,110,3300,30
110,100,1200,12
107,107,1926,18
105,95,1425,15
100,95,1140,12
100,96,768,8
98,92,1819,19.77
95,90,1080,12
90,80,640,8
90,75,1125,15
90,90,1530,17
87,83,1140,13.73
80,80,800,10
80,80,1280,16
80,80,1440,18
80,80,960,12
70,58,1740,30
60,45,405,9
60,60,600,10
50,50,500,10
40,40,400,10
40,40,480,12
39,39,539,14
37,37,668,18.04
30,25,500,20
30,25,125,5
25,25,160,6.4
22,20,120,6
22,18,288,16
21,21,210,10
20,18,126,7
20,20,240,12
18,11,48,4.4
15,13,130,10
12,12,90,7.5
12,12,132,11
12,10,50,5
11,11,165,15
11,9,171,19
8,6,90,15
8,8,96,12
6,6,198,33
5,5,50,10
4,2,20,10
4,3,18,6
2,2,11,7
2,2,24,12
2500,2500,50000,20
2000,2000,24000,12
1300,1300,26000,20
1050,800,16000,20
1000,1000,10000,10
840,840,13440,16
740,740,14800,20
620,510,11100,21.76
601,600,18000,30
600,600,10800,18
500,420,4700,11.19
500,500,6000,12
500,500,15000,30
450,430,15050,35
400,400,6000,15
373,373,5595,15
330,330,5306,16.08
320,220,2640,12
290,290,3625,12.5
250,250,3000,12
224,218,6104,28
200,180,2160,12
200,200,2400,12
185,185,2405,13
160,160,1280,8
158,126,3780,30
150,140,2142,15.3
150,140,1680,12
130,115,1870,16.26
130,120,1560,13
124,120,1968,16.4
105,100,1800,18
100,95,1140,12
90,90,1350,15
90,90,1530,17
80,80,800,10
80,80,1440,18
76,63,1251,19.8
75,68,816,12
73,73,1168,16
70,60,420,7
70,60,1920,32
60,55,660,12
53,53,954,18
40,40,480,12
40,40,480,12
39,39,698,17.88
37,36,504,14
36,28,280,10
32,32,192,6
30,6,96,16
30,30,600,20
30,30,450,15
25,25,400,16
16,12,180,15
16,16,240,15
15,15,105,7
12,12,228,19
10,10,130,13
8,8,64,8
6,6,60,10
6,6,55,10
5,4,24,6
3,3,21,7
2,2,68,34
2,2,13,7
3200,3200,64000,20
2500,2500,30000,12
1430,1430,41470,29
1052,900,18000,20
1014,1014,18252,18
1000,900,10800,12
850,850,15300,18
850,800,8000,10
800,800,8400,10.5
800,800,12800,16
750,750,13500,18
700,700,17500,25
700,700,14000,20
600,600,8400,14
550,550,8250,15
450,450,6750,15
414,414,9522,23
399,348,8707,25
370,370,5550,15
360,360,5760,16
351,351,5616,16
350,350,7000,20
320,290,4901,16.9
310,310,7750,25
300,300,3600,12
300,280,3920,14
270,270,3375,12.5
250,250,6250,25
230,230,3450,15
220,220,3740,17
220,180,3600,20
200,190,3420,18
200,180,2160,12
200,200,2000,10
194,194,2328,12
170,150,1725,11.5
170,170,2040,12
150,140,2800,20
110,90,1170,13
110,110,3190,29
110,100,2000,20
100,95,1140,12
100,100,2500,25
100,96,768,8
94,94,1862,19.78
90,80,640,8
90,85,893,10.5
90,90,1530,17
80,80,1200,15
80,75,900,12
75,75,1125,15
65,65,2080,32
60,60,720,12
60,50,500,10
60,60,480,8
55,55,550,10
50,50,1000,20
40,40,400,10
40,40,800,20
35,35,630,18
35,35,490,14
30,25,225,9
24,24,360,15
22,22,176,8
22,18,216,12
20,20,160,8
20,20,200,10
20,18,180,10
20,18,108,6
15,13,130,10
14,14,168,12
14,13,104,8
13,13,156,12
11,11,110,10
11,11,154,14
10,10,100,10
9,9,59,6.5
8,6,90,15
6,6,198,33
5,4,24,6
5,5,50,10
4,2,20,10
1,1,12,12
3000,3000,45000,15
3000,2500,62500,25
1700,1600,32000,20
1200,1200,28800,24
1030,1020,20400,20
1000,900,10800,12
980,560,11200,20
900,900,13500,15
850,840,13440,16
600,600,6300,10.5
600,600,18000,30
500,500,6000,12
500,500,16000,32
400,400,7200,18
400,354,4878,13.78
390,380,6460,17
370,370,5550,15
360,360,5760,16
350,350,5250,15
270,270,3375,12.5
270,260,3120,12
230,230,3450,15
230,190,3800,20
200,200,4000,20
200,200,2400,12
200,200,2800,14
200,180,1890,10.5
194,166,3721,22.48
160,160,1280,8
158,150,3750,25
150,150,3750,25
150,140,2100,15
120,120,1440,12
120,115,2875,25
100,90,1450,16.11
100,95,1140,12
100,90,1800,20
100,95,1140,12
100,100,1300,13
94,94,1862,19.78
90,85,893,10.5
90,90,1350,15
80,80,960,12
73,73,1825,25
70,70,700,10
70,70,1190,17
50,50,850,17
50,50,750,15
40,40,800,20
35,35,368,10.5
35,30,240,8
35,34,510,15
30,6,96,16
30,30,600,20
30,27,162,6
25,25,300,12
20,20,300,15
17,17,289,17
12,10,150,15
12,11,66,6
10,8,64,8
10,10,120,12
10,10,130,13
10,8,80,10
7,3,45,15
7,7,56,8
6,6,60,10
6,6,60,10
5,4,24,6
3,3,26,8.5
3200,3200,64000,20
2500,2000,24000,12
1500,1500,30000,20
1500,1200,36000,30
1150,950,11400,12
1144,1144,34320,30
1014,1014,18252,18
950,650,13000,20
950,850,15300,18
800,800,12000,15
800,800,8400,10.5
640,620,11160,18
630,620,17360,28
550,550,7563,13.75
500,400,4800,12
450,450,6750,15
414,414,9522,23
410,390,6240,16
400,400,6000,15
400,400,6400,16
399,348,8707,25
395,395,6320,16
325,320,8000,25
320,295,5900,20
300,300,3600,12
300,300,4200,14
300,280,5040,18
262,262,3144,12
250,250,6250,25
250,250,6250,25
200,180,2160,12
200,200,2000,10
200,180,2700,15
194,194,2328,12
180,180,2160,12
175,175,2625,15
170,170,2975,17.5
140,130,1950,15
110,110,3190,29
100,95,1140,12
100,93,1711,18.5
95,55,660,12
90,80,640,8
90,85,893,10.5
85,85,1360,16
70,50,450,9
65,65,1950,30
60,60,720,12
60,60,1200,20
55,50,500,10
55,55,712,12.95
55,55,440,8
50,50,1000,20
50,48,576,12
40,40,400,10
40,40,480,12
40,40,628,15.75
32,30,450,15
30,10,130,13
25,25,450,18
25,20,180,9
25,23,322,14
20,20,160,8
20,18,135,7.5
20,20,180,9
16,14,140,10
15,13,130,10
13,13,156,12
10,8,56,7
10,8,48,6
10,10,150,15
10,9,72,8
8,8,54,6.8
8,6,90,15
8,7,203,29
7,5,60,12
5,4,24,6
5,5,50,10
4,2,17,10
4,4,40,10
3,3,24,8
3,3,23,7.5
1,1,12,12
3000,2500,62500,25
2100,2000,24000,12
1700,1600,32000,20
1180,1180,23600,20
1167,1167,35010,30
1100,1090,10900,10
1000,900,18000,20
900,900,13500,15
850,850,13600,16
750,750,22500,30
705,705,16744,23.75
600,600,6300,10.5
600,600,18000,30
400,400,4800,12
390,380,6460,17
370,370,5550,15
365,365,5840,16
350,350,6300,18
350,350,5250,15
300,300,3750,12.5
290,280,3360,12
256,256,3072,12
230,230,4600,20
200,200,5000,25
200,200,2400,12
200,200,3000,15
200,200,2800,14
200,180,1890,10.5
194,166,3721,22.48
180,170,3825,22.5
160,140,3500,25
150,150,2220,14.8
150,140,2100,15
141,141,2115,15
100,100,800,8
100,98,1176,12
100,95,1425,15
100,70,630,9
95,90,990,11
90,90,1343,15
70,70,700,10
70,70,840,12
65,43,452,10.5
65,65,1105,17
60,60,1200,20
55,55,712,12.95
55,55,440,8
50,40,400,10
50,49,539,11
50,43,638,15
35,25,325,13
30,30,600,20
30,30,300,10
30,25,225,9
30,28,420,15
25,25,350,14
20,20,240,12
20,18,108,6
16,16,243,15
15,12,96,8
15,15,240,16
15,13,130,10
12,10,150,15
10,10,100,10
10,10,60,6
10,10,130,13
10,10,100,10
10,8,96,12
10,10,90,9
5,5,60,12
5,4,24,6
5,5,50,10
5,5,40,8
3,3,21,7
3,3,23,7.5
3400,3400,68000,20
2400,1900,22800,12
1600,1400,42000,30
1500,1500,30000,20
1225,1000,8500,8.5
1200,700,14000,20
961,900,16200,18
800,750,11250,15
761,761,18074,23.75
700,700,10500,15
620,610,17080,28
597,597,10084,16.9
590,550,9900,18
550,500,6000,12
430,430,6450,15
425,423,5288,12.5
410,390,6240,16
400,380,4560,12
395,395,6320,16
325,320,8000,25
300,300,3600,12
300,300,4200,14
270,250,4167,16.67
250,250,6250,25
250,230,2300,10
230,200,4000,20
229,229,3435,15
210,180,2160,12
210,200,3600,18
210,210,3150,15
205,180,2160,12
200,200,2400,12
200,200,3000,15
185,185,2498,13.5
185,185,2220,12
140,130,2106,16.2
120,12,144,12
120,120,2220,18.5
120,120,1440,12
100,95,1140,12
100,90,1350,15
98,97,1455,15
90,60,600,10
90,85,893,10.5
90,55,1375,25
80,78,1248,16
80,80,2000,25
70,70,1050,15
60,60,1200,20
60,52,780,15
60,60,480,8
55,54,675,12.5
50,50,600,12
50,30,300,10
45,40,560,14
45,43,430,10
30,25,225,9
30,29,435,15
30,10,140,14
30,30,450,15
26,10,130,13
22,22,266,12
22,22,198,9
20,18,135,7.5
18,17,204,12
18,16,192,12
16,14,141,10.1
15,15,270,18
15,13,130,10
13,13,156,12
10,9,72,8
9,7,49,7
9,8,120,15
8,6,90,15
7,6,54,9
6,6,41,6.8
5,4,27,6.8
5,5,50,10
4,2,19,10.3
4,4,60,15
3,3,30,10
3,3,23,7.5
1,1,12,12
2400,1900,22800,12
1500,1500,30000,20
1500,1400,14000,10
1400,900,18000,20
1400,1350,22476,16.65
1045,996,16253,16.32
929,929,15694,16.9
900,900,13500,15
900,900,18000,20
750,750,15000,20
705,705,16744,23.75
500,480,7200,15
420,410,4920,12
360,340,6120,18
350,200,1600,8
350,340,5100,15
300,280,3360,12
300,300,4800,16
210,180,2160,12
200,200,5000,25
200,200,2400,12
200,195,2925,15
200,200,2400,12
200,200,3000,15
200,200,2800,14
200,200,3000,15
190,180,3600,20
173,170,2550,15
160,150,3750,25
160,160,1440,9
150,130,2600,20
140,135,1998,14.8
100,98,1176,12
98,97,1455,15
90,90,1800,20
90,85,893,10.5
90,90,1350,15
80,80,1200,15
80,80,2000,25
80,80,960,12
70,70,840,12
65,50,850,17
60,55,825,15
60,45,675,15
55,55,688,12.5
50,48,432,9
50,50,600,12
50,40,480,12
50,40,1000,25
50,50,750,15
50,50,400,8
50,40,480,12
40,15,90,6
40,40,400,10
29,28,420,15
28,20,260,13
25,20,180,9
20,15,150,10
18,18,180,10
16,16,137,8.47
16,16,192,12
15,15,180,12
15,15,135,9
15,13,130,10
14,12,144,12
13,13,169,13
12,10,150,15
10,10,100,10
10,10,130,13
10,9,54,6
10,10,100,10
9,8,120,15
5,5,50,10
5,5,40,8
4,4,28,8
3,3,21,7
3,3,23,7.5
3,3,36,14.5
2351,2351,47020,20
2200,1400,29000,20.71
2100,2000,40000,20
1600,1400,42000,30
1250,1050,21000,20
1200,1099,18200,16.56
1180,1150,22780,19.81
895,895,15975,17.85
800,800,16000,20
761,761,20770,27.29
700,700,17500,25
600,560,10640,19
575,525,9975,19
532,115,1800,15.65
510,500,10000,20
500,450,6750,15
430,430,6450,15
430,430,7600,17.67
410,390,6240,16
325,320,8000,25
300,300,5250,17.5
300,300,3600,12
250,245,2450,10
250,220,4180,19
230,230,3450,15
230,230,5750,25
220,220,2640,12
210,180,2160,12
205,180,2160,12
200,200,2800,14
180,13,252,19.38
175,175,2100,12
150,130,2600,20
150,150,2700,18
150,150,3000,20
140,130,2106,16.2
140,140,1820,13
100,98,1225,12.5
100,100,1140,11.4
100,90,1350,15
90,60,600,10
90,90,1350,15
90,50,750,15
73,55,1740,31.7
64,59,590,10
64,64,1894,29.59
60,50,750,15
60,58,696,12
60,60,900,15
50,50,1000,20
50,50,750,15
48,20,200,10
45,45,450,10
44,36,540,15
42,42,504,12
37,35,350,10
35,34,289,8.5
32,28,168,6
30,30,360,12
30,29,435,15
30,30,360,12
25,15,225,15
23,22,218,10
20,20,180,9
20,19,171,9
20,18,180,10
15,15,180,12
14,14,238,17
12,12,192,16
12,8,200,25
12,10,100,10
12,10,150,15
10,9,59,6.5
10,9,72,8
10,9,90,10
8,7,42,6
8,7,70,10
6,5,5,1
6,6,66,12
5,5,35,6.9
5,5,60,12
4,2,18,10
3,3,28,10
3,3,23,7.5
2,2,44,22
1,1,10,10
2570,2570,51400,20
2350,2350,47000,20
2000,2000,40000,20
1450,1200,24000,20
1400,1350,40500,30
1100,1100,17600,16
895,895,15975,17.85
880,870,16640,19.13
847,847,29570,34.91
750,750,15000,20
750,650,13000,20
705,705,19100,27.09
610,470,8370,17.81
550,530,7950,15
450,450,9000,20
410,390,6240,16
400,390,7410,19
350,315,4158,13.2
310,310,5600,18.06
300,290,2900,10
264,264,3168,12
240,240,6000,25
230,230,4140,18
205,180,2160,12
200,190,3800,20
200,200,3400,17
200,200,2400,12
200,180,3420,19
190,190,2280,12
175,175,2625,15
160,140,3500,25
150,150,2100,14
120,120,1800,15
120,120,1560,13
100,98,1225,12.5
90,90,1350,15
75,75,2225,29.67
75,72,936,13
73,55,1740,31.7
63,56,560,10
60,60,1200,20
55,50,750,15
50,45,675,15
42,42,504,12
40,40,600,15
40,40,320,8
39,38,380,10
39,28,280,10
35,33,330,10
30,26,156,6
30,30,450,15
27,26,390,15
25,20,320,16
23,20,300,15
21,20,145,7.44
20,20,280,14
20,15,75,5
20,10,150,15
15,15,45,3
15,15,150,10
14,14,238,17
13,13,156,12
12,10,90,9
8,8,45,6
7,7,84,12
6,6,72,12
5,5,80,16
5,5,45,10
5,5,38,8
5,5,60,12
4,4,36,9
3,3,20,6.5
2,2,44,22
3100,1900,38000,20
2090,2090,41800,20
1630,1430,42900,30
1360,1360,23800,17.5
1300,1300,32000,24.62
1300,1100,19800,18
1250,1050,21000,20
1100,850,14875,17.5
800,800,20000,25
800,750,22500,30
750,580,15700,27.07
710,680,13600,20
600,588,10290,17.5
520,515,10300,20
420,420,5460,13
410,390,6240,16
397,397,7609,19.17
363,363,7986,22
325,325,3075,9.46
300,280,7140,25.5
300,300,3600,12
264,264,3960,15
250,240,3600,15
240,240,6000,25
240,230,5060,22
205,200,2400,12
200,200,2400,12
200,198,3366,17
200,200,4000,20
191,124,2927,23.6
180,180,2520,14
180,180,2700,15
170,160,3200,20
155,155,2015,13
150,150,4500,30
130,130,2600,20
120,100,1800,18
120,120,1800,15
100,85,1020,12
100,80,1600,20
85,71,1491,21
80,78,1248,16
80,80,960,12
80,80,960,12
73,55,1740,31.7
64,57,570,10
60,55,825,15
60,60,900,15
60,60,480,8
55,55,657,12
50,45,450,10
40,40,480,12
37,37,370,10
35,35,420,12
33,33,198,6
30,29,319,11
30,20,320,16
28,28,420,15
27,27,338,12.5
25,15,225,15
25,25,213,8.5
22,20,600,30
20,20,360,18
20,19,171,9
18,18,360,20
18,16,192,12
16,14,288,20
15,15,237,16
14,14,238,17
11,8,150,20
11,9,81,9
10,9,59,6.5
10,9,54,6
10,10,76,8
9,9,144,16
8,4,40,10
8,7,70,10
6,5,50,10
6,5,25,5
5,5,32,7
5,5,60,12
4,2,19,10.3
4,4,40,10
3,2,14,6.5
2500,2200,44000,20
1695,1695,33900,20
1480,1420,42600,30
1450,1200,24000,20
1080,1080,27000,25
1000,800,14000,17.5
750,750,15250,20.33
730,720,14400,20
700,630,10080,16
660,590,16050,27.2
563,563,11823,21
530,490,5310,10.84
500,500,12500,25
410,390,6240,16
400,400,8000,20
370,358,6530,18.24
337,337,6539,19.4
315,315,4185,13.29
300,290,4350,15
270,270,3375,12.5
250,250,3000,12
240,240,6000,25
225,225,2175,9.67
210,200,4000,20
200,199,3383,17
200,200,2400,12
200,200,3600,18
195,195,2340,12
180,170,3400,20
150,150,2100,14
135,135,4050,30
120,120,1560,13
100,80,960,12
80,80,1200,15
80,78,1014,13
78,74,1748,23.62
73,55,1740,31.7
70,70,1400,20
70,70,1400,20
62,59,590,10
60,50,1275,25.5
60,55,1100,20
60,60,780,13
50,30,540,18
50,50,400,8
45,32,384,12
40,40,600,15
35,35,840,24
32,32,480,15
30,27,162,6
30,28,560,20
27,26,390,15
25,25,200,8
24,24,240,10
20,15,270,18
18,18,360,20
15,15,225,15
15,14,108,7.71
14,14,168,12
14,14,238,17
12,10,90,9
10,10,150,15
8,7,42,6
8,8,160,20
8,8,98,12.2
6,6,66,12
5,5,60,12
5,5,45,10
5,5,38,8
5,5,50,10
4,4,64,16
4,4,72,20
4,3,48,16
3,3,20,6.5
3000,3000,60000,20
2600,2600,52000,20
1900,1900,47500,25
1700,1700,51000,30
1600,1600,40000,25
1300,1300,26500,20.38
1300,1300,20800,16
1200,1200,24000,20
1150,1150,13010,11.31
900,900,15750,17.5
770,770,15400,20
600,600,11000,18.33
600,600,9000,15
600,600,16250,27.08
500,500,9000,18
410,410,7870,19.2
410,410,6560,16
400,400,8000,20
360,360,7560,21
250,250,6250,25
225,225,2175,9.67
220,220,4400,20
210,210,4200,20
200,200,2400,12
200,200,4000,20
200,200,2400,12
190,190,3230,17
180,180,2520,14
150,150,1950,13
145,145,4350,30
120,120,2400,20
120,120,1800,15
120,120,2400,20
110,110,1320,12
100,100,1200,12
100,100,1800,18
100,100,1300,13
87,87,1044,12
83,83,1027,12.37
83,83,999,12.04
81,81,2003,24.73
80,80,1440,18
80,80,2536,31.7
80,80,1040,13
65,65,650,10
60,60,1530,25.5
60,60,900,15
60,60,900,15
60,60,480,8
56,56,680,12.15
51,51,517,10.14
41,41,505,12.32
40,40,960,24
38,38,456,12
33,33,264,8
30,30,300,10
30,30,450,15
30,30,180,6
30,30,600,20
28,28,420,15
27,27,338,12.5
25,25,190,7.6
23,23,692,30.11
23,23,230,10
20,20,300,15
20,20,400,20
18,18,360,20
18,18,162,9
18,18,216,12
17,17,204,12
16,16,259,16.2
16,16,320,20
16,16,272,17
15,15,150,10
12,12,146,12.2
11,11,101,9.19
10,10,160,16
10,10,65,6.5
7,7,36,5.11
6,6,43,7.15
5,5,52,10.44
5,5,80,16
5,5,40,8
4,4,24,6
50,50,1500,30
50,40,400,10
34,26,320,12.31
30,30,300,10
25,24,336,14
23,18,360,20
10,6,36,6
3,3,57,21.25
2,2,20,10
67,67,670,10
60,40,1200,30
30,29,377,13
25,23,503,21.87
25,25,250,10
12,8,72,9
10,10,150,15
5,4,40,10
3,3,57,21.26
150,150,3000,20
80,80,512,6.4
50,50,1500,30
50,50,500,10
30,30,450,15
20,19,228,12
10,10,150,15
10,10,90,9
10,10,18,1.8
70,70,700,10
35,35,525,15
30,30,900,30
30,30,600,20
30,27,378,14
20,20,300,15
12,12,108,9
10,10,100,10
10,10,64,6.4
1,1,2,1.8
120,120,768,6.4
60,60,1200,20
50,48,864,18
25,25,375,15
12,12,180,15
8,8,72,9
5,5,8,1.6
3,3,18,7
150,130,1950,15
140,140,700,5
70,70,1400,20
53,52,936,18
45,45,675,15
30,28,364,13
30,30,300,10
20,20,40,2
20,20,420,21
16,15,90,6
12,10,40,4
11,10,80,8
10,7,42,6
10,10,70,7
9,9,45,5
5,5,35,7
3,3,24,8
165,165,825,5
100,80,1200,15
70,70,1470,21
50,50,900,18
30,30,600,20
30,30,300,10
16,15,75,5
15,15,30,2
15,14,98,7
12,11,88,8
10,8,88,11
6,6,36,6
5,5,35,7
3,3,24,8
380,120,1920,16
200,200,1000,5
54,53,954,18
45,45,675,15
40,40,480,12
30,20,200,10
30,30,300,10
20,20,400,20
20,20,100,5
20,20,420,21
12,10,40,4
11,10,80,8
10,8,72,9
10,10,150,15
10,8,56,7
9,9,45,5
3,3,24,8
2,2,20,10
2,1,10,10
450,420,6720,16
250,250,1250,5
70,70,1470,21
60,60,1200,20
50,40,720,18
30,30,150,5
30,30,300,10
25,25,375,15
12,11,88,8
10,10,90,9
5,5,45,9
4,4,28,7
3,3,24,8
474,442,7072,16
53,51,918,18
32,21,210,10
30,30,33,1.1
21,21,420,20
21,21,441,21
20,14,140,10
13,11,42,4
12,11,88,8
11,11,165,15
10,8,48,6
9,9,47,5
2,2,20,10
474,420,8400,20
70,70,1470,21
63,63,1260,20
48,47,846,18
26,26,390,15
18,18,216,12
13,12,96,8
11,11,99,9
84,84,840,10
40,39,702,18
20,20,240,12
20,14,140,10
20,20,360,18
12,10,70,7
11,11,165,15
9,5,40,8
8,8,40,5
7,7,55,7.5
6,5,60,12
2,2,12,6
2,2,40,20
38,37,666,18
30,30,300,10
26,26,390,15
25,8,96,12
12,11,66,6
12,12,96,8
7,7,55,7.5
6,6,72,12
2,2,12,6
2,2,40,20
590,590,11210,19
158,158,1580,10
55,55,825,15
40,40,360,9
36,36,648,18
30,30,360,12
20,20,80,4
20,20,200,10
8,8,56,7
8,8,64,8
8,8,96,12
8,8,68,8.5
6,4,32,8
5,5,50,10
4,4,24,6
2,2,12,6
2,2,40,20
1,1,10,10
490,474,4740,10
140,140,1400,10
100,90,900,10
45,45,540,12
36,35,630,18
35,35,420,12
15,15,180,12
6,6,54,9
5,5,40,8
3,3,30,10
2,2,12,6
1,1,10,10
590,590,9440,16
158,158,1580,10
120,120,1440,12
100,80,640,8
40,40,360,9
40,30,300,10
40,40,480,12
34,32,576,18
20,20,80,4
9,8,80,10
8,8,80,10
8,8,64,8
5,5,30,6
2,2,40,20
1,1,10,10
590,590,9440,16
120,120,1200,10
80,74,740,10
50,50,600,12
45,45,540,12
45,15,150,10
32,30,540,18
30,30,360,12
15,15,60,4
5,5,30,6
5,5,40,8
4,4,40,10
3,3,30,10
1,1,10,10
590,590,11210,19
150,140,2800,20
70,50,400,8
60,50,200,4
50,50,600,12
40,40,480,12
39,39,351,9
30,30,540,18
24,24,312,13
22,20,80,4
8,8,80,10
8,7,70,10
8,8,64,8
5,5,30,6
5,5,50,10
3,3,18,6
1,1,10,10
590,590,11210,19
80,70,1400,20
60,50,200,4
45,45,540,12
30,30,360,12
28,27,486,18
25,18,234,13
20,18,72,4
10,7,35,5
10,7,56,8
8,8,80,10
4,3,24,8
3,3,15,5
3,3,30,10
1,1,10,10
1030,947,16857,17.8
720,720,18000,25
300,100,500,5
150,140,2800,20
75,55,550,10
60,50,200,4
48,48,840,17.5
35,32,576,18
30,30,300,10
30,30,360,12
20,18,144,8
15,15,225,15
15,8,64,8
10,9,36,4
5,5,30,6
5,3,15,5
4,4,28,7
3,3,12,4
1,1,8,8
1025,942,16802,17.84
700,700,17500,25
500,500,10000,20
80,70,1400,20
60,50,200,4
35,22,176,8
30,20,200,10
30,28,112,4
30,30,450,15
30,28,504,18
15,14,182,13
10,10,120,12
8,8,112,14
8,8,64,8
5,5,30,6
5,5,30,6
1,1,8,8
650,620,9300,15
420,390,5850,15
170,170,3400,20
120,120,1200,10
52,48,624,13
50,50,200,4
40,35,420,12
40,33,363,11
35,35,490,14
30,30,240,8
23,21,294,14
20,16,160,10
20,20,400,20
20,20,80,4
15,8,64,8
11,9,81,9
10,10,150,15
8,7,70,10
7,7,84,12
5,5,75,15
5,3,15,5
5,5,60,12
4,4,18,5
4,4,14,4
2,2,12,6
2,2,14,7
800,800,12000,15
520,520,7800,15
80,70,1400,20
70,70,700,10
55,55,220,4
50,48,624,13
40,35,420,12
35,22,176,8
35,35,490,14
30,29,290,10
30,30,450,15
20,18,198,11
20,20,300,15
15,10,40,4
12,10,80,8
10,9,54,6
8,8,64,8
7,6,84,14
5,5,60,12
4,4,60,15
4,3,24,8
3,3,18,6
3,3,21,7
3,3,30,10
2,2,14,7
1300,1300,19500,15
450,450,6750,15
170,170,3400,20
150,150,1500,10
60,60,780,13
50,50,200,4
50,50,750,15
40,40,480,12
37,37,518,14
30,30,450,15
25,25,200,8
20,20,220,11
20,20,80,4
15,15,90,6
11,11,100,9.09
10,10,70,7
10,10,100,10
10,10,120,12
10,10,140,14
9,9,72,8
8,8,64,8
5,5,75,15
5,5,25,5.08
4,4,17,4.15
4,4,24,6
4,4,28,7
